관광지명,소재지도로명주소,소재지지번주소,위도,경도,지정일자,관광지소개,제공기관명
창원과학체험관,경상남도 창원시 의창구 충혼로 72번길 16,,35.230268,128.659574,2010-01-05,미래 과학자의 소중한 꿈을 키워 나갈 수 있도록 자라나는 꿈나무들에게 과학을 쉽고 재미있게 즐기면서 배울 수 있는 과학체험관이다.,경상남도 창원시
마산해양레포츠센터,경상남도 창원시 마산합포구 제2부두로 56,,35.19796654,128.5759021,2011-02-08,배를 타고 들어와 해양체험을 즐길 수 있는 이색적인 해양레포츠센터이다. 요일별 체험 프로그램을 진행하고 있으며,경상남도 창원시
웅천도요지전시관,경상남도 창원시 진해구 두동로 236,,35.127421,128.813395,2011-11-23,웅천도요지 출토품을 비롯한 80여점의 유물이 전시되어 있는 전시실과 도자기를 직접 만들어 볼 수 있는 체험공방을 운영하고 있다.,경상남도 창원시
진해해양레포츠센터,경상남도 창원시 진해구 천자로 160,,35.14129989,128.6883002,2011-02-08,"편리한 접근성과 저렴한 이용요금, 스쿨 전용 해상교육장 및 국가대표 출신 강사진 등 우수한 시설을 구비하고 있다. 쉽게 접하기 힘든 크루즈, 딩기요트, 윈드서핑, 카약, 래프팅보트, 바나나보트 등을 운영하고 있다.",경상남도 창원시
남한산성,경기도 광주시 남한산성면 남한산성로 731,경기도 광주시 남한산성면 산성리 158-1,37.47669636,127.1884165,2007-01-24,"역사와 문화, 4계절의 아름다움을 감상할 수 있는 곳",경기도 광주시
분원백자자료관,경기도 광주시 남종면 산수로 1642-1,경기도 광주시 남종면 분원리 산5,37.49625742,127.3034492,2007-01-24,조선시대 관영사기의 변천과 도자기역사의 발자취 감상,경기도 광주시
천진암,경기도 광주시 천진암로 1203,경기도 광주시 퇴촌면 우산리 500,37.42180844,127.3878631,2007-01-24,천학 강학회를 통해 신앙의 차원인 천주교로 발전시킨 성지,경기도 광주시
경기도자박물관,경기도 광주시 곤지암읍 경충대로 727,경기도 광주시 곤지암읍 삼리 72-1,37.35028421,127.3347877,2007-01-24,우리의 전통 도자문화와 역사를 느낄 수 있는 곳,경기도 광주시
경안천습지생태공원,경기도 광주시 퇴촌면 산수로 1159,경기도 광주시 퇴촌면 정지리 456-4,37.45920014,127.3051169,2007-01-24,다양한 수생식물 등 조류관찰과 자연학습의 장,경기도 광주시
거차뻘배체험마을,전라남도 순천시 별량면 거차길 130,전라남도 순천시 별량면 마산리 566-1,34.8375993,127.4475425,2013-04-20,"거차뻘배 체험장은 2헥타르(ha)의 넓은 공유수면에서 뻘배타기,  꼬막캐기, 칠게잡기, 짱뚱어잡기, 갯벌미끄럼틀타기 등 다양한 갯벌생태체험을 할 수 있는 곳이다.",전라남도 순천시
담양호국민관광지,,전라남도 담양군 용면 월계리 149-67,35.40197344,126.999086,1988-11-29,"담양호 국민관광지는 영산강 시원지인 가마골생태공원(용소)과 청정하고 맑은 담양호, 산세가 좋은 추월산, 역사의 흔적이 깊이 남아있는 금성산성에 이르기까지 힐링과 역사의 숨결이 살아있는 천혜의 관광지임",전라남도 담양군
주남저수지,경상남도 창원시 의창구 동읍 주남로 101번길 26,,35.30732964,128.6779306,2002-10-21,"해마다 찾아오는 수만 마리의 철새들과 텃새들의 서식지로 다양한 수생식물, 수서곤충 등을 만나볼 수 있으며 철새들의 자유로운 곡예비행을 생생하게 관찰할 수 있는 곳이다. 천연기념물 16여종과 환경부 멸종위기 10여종 등 다양한 철새들을 직접 볼 수 있다.",경상남도 창원시
마금산온천,경상남도 창원시 의창구 북면 천주로 1167,,35.35464845,128.6094168,2015-07-29,"마금산온천은 약알칼리성 수질로 평균 수온이 55℃ 이상을 유지하고 있으며, 나트륨, 철, 칼슘, 라듐 등 20여종의 광물질을 포함하고 있다. 운동욕장, 수영장, 노천탕 등 보양온천 시설을 갖추고 치료와 요양, 휴양이 가능하다.",경상남도 창원시
현대프리미엄아울렛,경기도 김포시 아라육로152번길 100,경기도 김포시 고촌읍 전호리 654,37.59723749,126.7852355,2012-01-01,"현대백화점이 만든 첫번째 프리미엄 아울렛으로 지하2층~지상3층 규모로 수입 브랜드 54개를 포함해  총 239개 브랜드 매장을 갖췄다. 또한 ''''''''''''''''자연,휴식,꽃''''''''''''''''을 테마로 한 하늘정원을 구성하고,  회전목마와 놀이조형물을 설치해 테마파크 느낌을 준다.",경기도 김포시
금월봉관광지,충청북도 제천시 금성면 청풍호로 1316,충청북도 제천시 금성면 월굴리 134-41,37.04384263,128.1736527,1998-05-29,"청풍호의 수려한 자연경관과 기암괴석(금월봉)을 배경으로 유휴지를 최대한 활용한 체류형 관공시설(호텔, 콘도 등) 조성",충청북도 제천시
마니산 국민관광지,인천광역시 강화군 화도면 마니산로675번길 18,인천광역시 강화군 화도면 상방리 402-2,37.63245827,126.4237957,1977-03-21,백두산과 한라산의 중간지점에 위치하여 우리나라에서 기가 가장 센 곳이며 정상에 있는 참성단에서 매해 제례를 올리고 칠선녀가 전국 체육대회의 성화를 채화함,인천광역시 강화군
함평해수찜,전라남도 함평군 손불면 석산로 61,,35.10050068,126.4648643,2000-11-11,온천과 약찜의 효능을 한꺼번에 즐길수 있음,전라남도 함평군
함평자연생태공원,전라남도 함평군 대동면 학동로 1398-77,,35.13500123,126.505701,2000-11-11,사계절 탐방학습과 생태체험,전라남도 함평군
함평양서파충류생태공원,전라남도 함평군 신광면 학동로 1398-9,,35.13834076,126.4936987,2000-11-11,국내 최대 양서파충류 전문 전시관,전라남도 함평군
함평엑스포공원,전라남도 함평군 함평읍 곤재로 27,,35.05618964,126.5199487,2000-11-11,아시아생태문화관광지,전라남도 함평군
일강김철선생기념관,전라남도 함평군 신광면 일강로 873-12,,35.18941073,126.4791614,2009-06-29,독립운동가 김철선생의 애국정신을 재조명하는 교육의 장,전라남도 함평군
고래불관광지,경상북도 영덕군 병곡면 병곡리 72-8,경상북도 영덕군 병곡면 병곡리 72-8,36.600476,129.410658,1988-03-28,명사20리'라고 불리는 8km에 이르는 넓고 긴 양질의 백사장과 빼어난 해송림 등 우수한 자연자원을 보유한 관광지,경상북도 영덕군
장사해수욕장관광지,경상북도 영덕군 남정면 동해대로 3592,경상북도 영덕군 남정면 장사리 74-1,36.28241809,129.3755929,1981-12-31,해수욕장의 청정 자연자원과 장사상륙작전이라는 역사적 사건을 보존한 관광지,경상북도 영덕군
창원단감테마공원,경상남도 창원시 의창구 동읍 동읍로 359번길 27,,35.29915488,128.6632468,2016-06-23,"전국 최초로 단감을 소재로 조성한 테마공원으로 아이들이 뛰어놀 수 있는 드넓은 잔디광장에 대형 데크무대와 단감그네, 바람개비 조형물 등이 설치되어 있어 공원을 찾는 방문객들에게 다양한 즐길거리를 선사한다.",경상남도 창원시
창원의집,경상남도 창원시 의창구 사림로 16번길 59,,35.24444959,128.6813533,1985-10-15,순흥 안씨 안택영의 5대조인 퇴은 두철 선생이 거주하던 집으로 우리 고유의 한옥을 이해하고 조상들의 생활풍습과 지혜를 새롭게 조명할 수 있는 공간이다.,경상남도 창원시
그림책도서관,전라남도 순천시 도서관길 33(동외동),전라남도 순천시 동외동 176,34.9579091,127.4862543,2017-01-01,그림책원화전시 및 인형극등 체험,전라남도 순천시
순천시청소년수련원,전라남도 순천시 서면 청소년수련원길 167,전라남도 순천시 서면 운평리 774-1,35.0458699,127.4732358,1993-10-22,물과 숲 그리고 자연과 사람이 어우러지는 청소년 수련원,전라남도 순천시
순천용오름마을,전라남도 순천시 주암면 운룡2길 17,전라남도 순천시 주암면 운룡리 798-1,35.0921171,127.202188,2011-03-01,"한봉채취, 천연 밀랍초 만들기, 한봉 분양받기, 꿀벌 관찰 등 다양하고 흥미로운 체험을 할 수 있는 농촌전통테마마을",전라남도 순천시
순천향매실마을,전라남도 순천시 월등면 계월리 순천향매실마을,전라남도 순천시 월등면 계월리 일원,35.0655382,127.4069955,2008-02-28,"50여년전 마을에 매화를 심은것을 시작으로 그 규모가 마을 단위로는 전국 최대 규모이며, 매년 4월이면 마을에는 매화꽃이 피기 시작하여 매화향기와 눈가루를 뿌려놓은듯한 풍경이 아름다운 마을입니다. 군장마을로 넘어가는 고개길에는 장군이 용마를 타고 하늘로 도약하면서 남겼다는 용발태족(용발자국)이 선명하게 남아있으며, 중촌마을에는 당산나무인 수령 500년생 느티나무 두 그루가 마을 입구에 서있어 마을의 오랜역사를 말해준다. 이문마을에는 이택종 선생이 일본에서 가져와 최초로 심은 매화나무로, 향매실마을에서 가장 오래된 매화나무가 자라고 있다.",전라남도 순천시
순천생태마을,전라남도 순천시 승주읍 고산도목길 9,전라남도 순천시 승주읍 도정리 1642-1,35.0665271,127.3603168,2006-04-09,산간마을의 오염되지 않은 환경 속에 도심에서는 볼 수 없는 생명들이 함께하는 곳으로 계곡과 습지가 잘 보존되어 있어 생태교육장으로 안성맞춤,전라남도 순천시
해양자연사박물관,부산광역시 동래구 우장춘로 175 (온천동),부산광역시 동래구 온천동 산 13-1,35.2219498,129.075647,1994-06-10,"1994년 6월 10일 동래구 온천동 금강공원 내에 개관한 부산해양자연사박물관은 전국 최초, 최대규모의 해양자연사분야의 전문박물관으로",부산광역시 동래구
함지공원,대구광역시 북구 동암로38길 9,대구광역시 북구 구암동 775-6,35.9424608,128.570482,2017-03-14,대구광역시 북구 8경사진찍기좋은명소,대구광역시 북구
구암서원,대구광역시 북구 연암공원로17길 20,대구광역시 북구 산격동 산79-1,35.89881592,128.5990001,2017-03-14,대구광역시 북구 8경사진찍기좋은명소,대구광역시 북구
침산정,대구광역시 북구 침산남로9길 118,대구광역시 북구 침산동 1168-3,35.897221,128.5848591,2017-03-14,대구광역시 북구 8경사진찍기좋은명소,대구광역시 북구
몰운대,부산광역시 사하구 몰운대1길 14(다대동),부산광역시 사하구 다대동 482-3번지,35.04724819,128.9669139,1900-01-01,"태종대, 해운대와 함께 부산의 3臺 중 하나",부산광역시 사하구
다대포 꿈의 낙조분수,부산광역시 사하구 몰운대1길 14(다대동),부산광역시 사하구 다대동 482-3번지,35.04724819,128.9669139,1900-01-01,세계 최대이자 최고의 바닥 음악분수,부산광역시 사하구
다대포해수욕장,부산광역시 사하구 몰운대1길 14(다대동),부산광역시 사하구 다대동 1548-1번지,35.04724819,128.9669139,1900-01-01,"백사장 길이 900m, 폭 100m의 얕은 수심으로 가족단위 피서지로 유명",부산광역시 사하구
낙동강하구아미산전망대,부산광역시 사하구 다대낙조2길 77(다대동),부산광역시 사하구 다대동 482-4번지,35.05276243,128.9607468,1900-01-01,"모래섬, 철새, 낙조 등 천혜의 전경을 조망할 수 있는 전망대",부산광역시 사하구
을숙도 생태공원,부산광역시 사하구 낙동남로1233번길 25(하단동),부산광역시 사하구 하단동 1151-14번지,35.11008837,128.9446778,1900-01-01,을숙도 상단부로 수생식물이 서식하는 생태의 보고,부산광역시 사하구
"양구자연생태공원(생태식물원,DMZ야상화분재원,DMZ야생동물생태관)",강원도 양구군 동면 숨골로 310번길 169,강원도 양구군 동면 원당리 180,38.191978,128.0769702,2004-04-19,자연생태의 모든 것을 오감으로 느끼고 체험할 수 있는 곳,강원도 양구군
삼례문화예술촌,전라북도 완주군 삼례읍 삼례역로 81-13,전라북도 완주군 삼례읍 후정리 247-1,35.90623621,127.0658555,2015-10-15,수탈의 상징인 양곡창고를 문화예술의 중심지로 탈바꿈시켜 역사적 의미와 문화가 공존하는 삼례만의 독특하고 절묘한 공간,전라북도 완주군
대한민국 술 박물관,전라북도 완주군 구이면 덕천전원길 232-58,전라북도 완주군 구이면 덕천리 산 245-1,35.72601868,127.136162,2013-06-05,5만여 점의 유물을 통해 태곳적부터 현대까지 우리 술에 담긴 다양한 이야기를 오롯이 담고 있는 테마박물관,전라북도 완주군
오전약수관광지,경상북도 봉화군 물야면 문수로 1541,경상북도 봉화군 물야면 오전리 95-35,37.01209531,128.7457209,1986-12-30,"심산계곡에 자리잡은 약수탕은 선달산, 옥석산 아래 깊은 계곡에 위치하고 있고, 약수는 예부터 위장병과 피부병에 효험이 있다.",경상북도 봉화군
레이크힐스골프장,전라남도 순천시 주암면 행정리 1길 77,전라남도 순천시 주암면 행정리 1,35.0463707,127.3047164,2008-03-13,남도의 따뜻한 기후 아래 사계절 내내 푸른 양잔디에서 라운딩이 가능한 꿈의 필드,전라남도 순천시
순천컨트리클럽,전라남도 순천시 별량면 동화사길 85,전라남도 순천시 별량면 죽산리 447,34.8667162,127.4059214,2007-03-12,"골프를 즐기면서 순천만과 여수, 고흥 앞바다를 한눈에 내려다볼 수 있는 자연 경관이 아름다운 남도 최고의 힐링골프장이다.",전라남도 순천시
부영컨트리클럽,전라남도 순천시 해룡면 신대로 188,전라남도 순천시 해룡면 신대리 1043,34.939951,127.5553787,2012-10-03,자연 친화형 설계로 도심과 가까운 곳에 위치하여 언제든지 부담없이 즐길수 있는 18홀 코스 컨트리클럽,전라남도 순천시
절물자연휴양림,제주특별자치도 제주시 명림로 584(봉개동),,33.43797786,126.6259343,1992-05-26,제주시에서 20분거리에 위치해 있으며. 50여년생 삼나무조림지와 자연림이 조화를 이루는 독특한 경관으로 전국 국립자연휴양림 중 매년 최다 방문객을 바랑하고 있다. 또한 유아숲체험원. 숲해설. 목공예 등 산림체험프로그램을 운영하고 있다.,제주특별자치도 제주시
팔달대교 야경,,대구광역시 북구 팔달동 524-4,35.895353,128.550766,2017-03-14,대구광역시 북구 8경사진찍기좋은명소,대구광역시 북구
금호강하중도,,대구광역시 북구 노곡동 673,35.900092,128.559326,2017-03-14,대구광역시 북구 8경사진찍기좋은명소,대구광역시 북구
경북대학교 캠퍼스,대구광역시 북구 대학로80,대구광역시 북구 산격동 1370-1,35.88909849,128.6143217,2017-03-14,대구광역시 북구 8경사진찍기좋은명소,대구광역시 북구
낙안읍성,전라남도 순천시 낙안면 충민길 30(동내리),전라남도 순천시 동내리 437-1,34.9062615,127.3418512,1983-06-14,"조선시대 상징적 계획도시인 읍성으로 주민이 실재 거주하는 대한민국 대표 민속마을-사적 제302호(1983.6.14.), 세계문화유산 잠정목록에 등재(2011.3.29.)",전라남도 순천시
드라마촬영장,전라남도 순천시 비례골길 24(조례동),전라남도 순천시 조례동 22,34.9570037,127.5375471,2006-11-02,2006년 개장한 순천드라마촬영장은 1960~80년대 시대별 3개 마을(185여채)이 조성되어 있으며 7080 복고 체험 프로그램을 구성하여 관광객이 지속적으로 증가하고 있는 추세임,전라남도 순천시
뿌리깊은나무박물관,전라남도 순천시 낙안면 평촌3길 45,전라남도 순천시 낙안면 남내리 219,34.9036464,127.3398555,2011-11-21,"2011년에 개관한 뿌리깊은나무박물관은 잡지뿌리깊은나무 창간자 故한창기 선생이 생전에 모은 6,500여점의 유물이 전시·보존 되어 있는곳입니다.",전라남도 순천시
송광사,전라남도 순천시 송광면 송광사안길 100,전라남도 순천시 송광면 신평리 12,35.0032944,127.2753863,2009-12-21,유구한 역사를 품은 힐링 사찰,전라남도 순천시
선암사,전라남도 순천시 승주읍 선암사길 450,전라남도 순천시 승주읍 죽학리 802,34.9967199,127.3305972,1760-01-01,선암사는 호남의 명산 조계산(884M)에 자리잡은 한국적인 절의 옛 모습을  가장 잘 보존한 천년의 고찰로 2018년 유네스코 세계문화유산에 등재된 국내의 명찰 가운데 하나,전라남도 순천시
에코촌유스호스텔,전라남도 순천시 해룡면 대안마산길 180,전라남도 순천시 해룡면 대안리 1055-9,34.9218484,127.5180438,2013-04-17,"세계5대 연안습지 순천만, 2013년 440만이 감동한 순천마 정원의 인근에 자리잡은 전국 최초 전통 한옥형 유스호스텔.",전라남도 순천시
순천자연휴양림,전라남도 순천시 서면 청소년수련원길 170,전라남도 순천시 서면 운평리 산160,35.0462597,127.4772736,2011-04-09,2011년 개장한 순천자연휴양림은 피톤치드가 풍부한 침엽수림으로 산책로가 길지않고 대부분이 평지여서 남녀노소 누구나 힐링할수 있는곳임,전라남도 순천시
기독교역사박물관,전라남도 순천시 매산길 61(매곡동),전라남도 순천시 매곡동 179-10,34.9602917,127.4801207,2012-11-20,호남기독교 100년의 역사를 품은 순천시 기독교역사박물관은 한국 기독교 선교의 역사를 다양한 유물과 영상을 통해 알기 쉽게 전달하는 공립박물관입니다.,전라남도 순천시
승주골프장,전라남도 순천시 상사면 오곡리 산177,전라남도 순천시 상사면 오곡리 산177,34.9017182,127.4485632,2017-05-01,"?63만평의 순천만과 다도해가 내려다 보이는 광활한 대지 위에 자연 그대로 어우러져 동, 남, 중 3개 코스로 펼쳐진?전장 9,682m의 27홀?회원제 골프장입니다.?",전라남도 순천시
파인힐스골프장,전라남도 순천시 주암면 송광사길 99,전라남도 순천시 주암면 문길리 산20-2,35.0394425,127.2705057,2004-11-24,산림의 짙은 솔 내음의 대자연의 청취속에서 어우러진 다이나믹하고 드라마틱한 27홀코스,전라남도 순천시
영산호관광지,전라남도 영암군 삼호읍 녹색로 653-11,전라남도 영암군 삼호읍 나불리 일원,34.776135,126.4578178,1983-10-11,1981년 영산강 하굿둑이 준공되면서 만들어진 인공호수인 영산호를 중심으로 조성된 휴양지이다.,전라남도 영암군
마한문화,전라남도 영암군 시종면 남해당로 65,전라남도 영암군 시종면 옥야리 956,34.8954066,126.584196,2003-07-28,영산강 유역에 분포되어 있는 고대 옹관 고분을 이해함으로써 영산강 유역의 독자성이 가득한 고대사를 조명하기 위해 조성,전라남도 영암군
성기동,전라남도 영암군 군서면 왕인로 440,전라남도 영암군 군서면 동구림리 산18,34.7555659,126.6299326,2008-08-23,"성기동은 왕인박사의 탄생지로 추정되는 곳으로 왕인박사유적지와 함께 탄생지, 문산재, 양사재, 상대포, 회사정 등 왕인박사 관련 관광자원이 분포되어 있다. 매년 4월이면 왕인문화축제가 열리고 있어 다양한 체험 및 관람을 즐길 수 있다",전라남도 영암군
창평슬로시티,전라남도 담양군 창평면 돌담길 56-24,전라남도 담양군 창평면 창평리 113-1,35.23525084,127.0178938,2007-12-01,"담양은 예로부터의 고택이 많이 남아 있으며 아직도 인근에 문화재가 많이 있다. 도심 인근의 농촌인데도 전통문화가 많이 남아 있어 현대와 전통이 조화를 이루고 있는 대표적 마을이기도 하다. 특히 삼지천 마을의 고택, 한옥마을에 펼쳐진 돌담길에서의 여유로운 산책은 방문객들의 슬로라이프 체험의 장이기도 하다.",전라남도 담양군
간절곶 공원,울산광역시 울주군 서생면 간절곶해안길 205,울산광역시 울주군 서생면 대송리 2,35.3625312,129.3591079,2016-03-21,한반도에서 가장 해가 먼저 뜨는 대표적 해맞이 장소,울산광역시 울주군
용호 Sea-Side 관광지,부산광역시 남구 용호동 산 205번지 일원,부산광역시 남구 용호동 산 205번지 일원,35.101225,129.120361,2006-05-24,"천혜의 자연경관을 가지고 있고, 인근 오륙도 스카이워그 등 기존의 관광 인프라가 구축",부산광역시 남구
순천만국가정원,전라남도 순천시 국가정원1호길 47,전라남도 순천시 오천동 600,34.92888588,127.4999591,2015-09-05,대한민국 생태도시 순천은 세계 5대 연안습지인 순천만습지의항구적인 보전을 위해 정원을 조성하고 2013순천만국제정원박람회를 개최하였다. 그 이후 제1호 국가정원으로 지정됨으로써 순천만국가정원은 대한민국 정원문화산업의 메카로 자리매김하게 되었다.,전라남도 순천시
순천만습지,전라남도 순천시 순천만길 513-25(대대동),전라남도 순천시 대대동 162-2,34.885971,127.5090298,2008-06-16,"75㎢가 넘는 해수역, 22.6㎢의 갯벌면적, 5.4㎢에 달하는 거대한 갈대군락과 겨울이면 흑두루미, 재두루미, 노랑부리저어새, 큰고니, 검은머리물떼새 등 순천만에서 발견되는 철새는 총 230여종으로 우리나라 전체 조류의 절반가량이나 되며 2003년 습지 보호지역, 2006년 람사르협약 등록, 2008년 국가지정문화재 명승 제41호로 지정된 순천만은 농게, 칠게, 짱뚱어 등과 같은 갯벌 생물들이 한데 어우러져 살아가고 있음.",전라남도 순천시
한국가사문학관,전라남도 담양군 가사문학면 가사문학로 877,전라남도 담양군 가사문학면 지곡리 319,35.18796351,127.0054854,2018-04-11,"가사문학 관련 문화유산의 전승, 보전과 현대적 계승, 발전을 위하여 2000년 10월 완공. 1만 6,556㎡의 부지에 2,022㎡ 규모의 한옥형 본관과 기획전시실(갤러리), 자미정, 세심정, 토산품전시장, 전통찻집 등의 부대시설을 갖추고 있음",전라남도 담양군
대나무박물관,전라남도 담양군 담양읍 죽향문화로 35,전라남도 담양군 담양읍 천변리 401-1,35.30934385,126.9764073,1991-06-27,"1981년에 죽물박물관이 개관된 후 전국 유일의 죽제품 주산지로서 보존, 전시, 시연, 판매 등 종합기능을 수행할 공간을 갖추어 대나무공예문화 전통 계승과 대나무공예 진흥의 계기를 마련하고자 1998년에 현재의 위치에 확장 이전하여 2003년에 한국대나무박물관으로 명칭을 변경하여 운영",전라남도 담양군
소쇄원,,전라남도 담양군 가사문학면 지곡리 123,35.18422464,127.0120951,2008-05-02,"1983년 7월 20일 사적 제304호로 지정되었다가 2008년 5월 2일 명승 제40호로 변경되었다. 전체 면적은 4,060㎡(지정구역), 118,866㎡(보호구역)이다. 이곳은 물이 흘러내리는 계곡을 사이에 두고 각 건물을 지어 자연과 인공이 조화를 이루는 대표적 정원이다.",전라남도 담양군
메타세쿼이아랜드,,전라남도 담양군 담양읍 학동리 578-4,35.32343423,127.001994,2010-01-13,"아름다운 숲 전국대회 부문 대상등 3회 수상에 빛나는 메타세쿼이아 길은 현재 메타세쿼이아 랜드로 조례개정하여 메타세쿼이아 길 외 어린이프로방스, 호남기후변화체험관, 개구리생태공원, 에코허브센터, 곤충박물관, 카페테리아 등 유원시설을 운영 및 공사 중이다. 메타세쿼이아 길을 사색하며 걷는것 외에도 체험 및 어린이를 위한 시설확충으로 담양을 대표하는 유원지 중 하나임",전라남도 담양군
남원관광지,전라북도 남원시 양림길 12,전라북도 남원시 어현동 37-19,35.40294891,127.3866197,1985-10-10,"남원하면 떠오르는 모든 상징물과 위락시설들을 모아 놓은 종합관광단지이다. 남원시 어현동 일대에 자리하고 있다. 한국관광공사가 조성한 남원관광단지에는 춘향전과 관련된 춘향테마파크, 춘향문화예술회관을 비롯해 국립민속국악원, 남원향토박물관 등의 문화시설이 있다.",전라북도 남원시
외고산옹기마을,울산광역시 울주군 온양읍 외고산 3길 36,울산광역시 울주군 온양읍 고산리 501-18,35.435094,129.2794859,2016-03-21,"전국 최대 규모의 옹기점 집성지,옹기를 만드는 공방과 이를 구웡내는 가마를 볼수있다.",울산광역시 울주군
반구대암각화,울산광역시 울주군 언양읍 반구대안길 285,울산광역시 울주군 언양읍 대곡리 991,35.6085954,129.172957,2016-03-21,"태화강의 한 지류인 대곡천의 너비 10m,높이 3m바위에 새겨진 그림으로 신석기 시대부터 여러시대에 걸쳐 제작된 것으로 보인다.국보 285호",울산광역시 울주군
작괘천,,울산광역시 울주군 상북면 등억알프스리 18-2,35.563321,129.061043,2016-03-21,"수백평이나되는 바위가 오랜 세월의 물살에 깎여 움푹움푹파인 형상이 마치 술잔을 걸어둔것과 같다고 해서작괘천이라하며, 사시사철 맑은 물이 흐른다",울산광역시 울주군
대운산 내원암 계곡,울산광역시 울주군 온양읍 대운상대길 382,울산광역시 울주군 온양읍 운화리 1312,35.398947,129.2311074,2016-03-21,"깊고 청량한 계곡속의 수려한 연못과폭포, 한번 누워보고 싶은 반석들을 품고 있는 비경이 있음",울산광역시 울주군
화개장터,경상남도 하동군 화개면 쌍계로 15,경상남도 하동군 화개면 탑리 726-46,35.1877406,127.624366,2001-09-25,영호남 교통의 길목이며 물류이동의 중심지로서 화개장터가 조성됨,경상남도 하동군
태산패밀리파크,경기도 김포시 하성로 585,경기도 김포시 하성면 석탄리 491-1,37.7247178,126.6297854,2007-01-01,과학원리를 이용한 다양한 물놀이 기구를 비롯해 야생화 산책로 등 조용한 휴식을 누릴 수 있는 공원으로 가족 나들이 장소로 좋다 . 공원 안에는 도자기 및 목공예체험장도 있어 가족 단위 체험프로그램도 즐길 수 있다.,경기도 김포시
김포국제조각공원,경기도 김포시 월곶면 용강로13번길 38,경기도 김포시 월곶면 고막리 82-1,37.7207585,126.5521903,1998-01-01,통일을 주제로 조성된 테마공원으로 세계적인 조각의 작품 30여점이 전시되어 있다. 산책로를 따라 조각작품이 전시되어 있어 산림욕을 즐기면서 조각작품을 감상할 수 있다.,경기도 김포시
김포독립운동기념관,경기도 김포시 양곡2로30번길 46,경기도 김포시 양촌읍 양곡리 1331,37.65334319,126.629579,2009-01-01,3.1운동의 정신을 계승하고 선열들을 기리기 위해 세워진 김포독립운동기념관은  ''''''''''''''''양촌읍 오라니장터 독립만세운동''''''''''''''''이 펼쳐진 지역으로 독립운동의 역사를 배우고 애국정신을 느낄 수 있다.,경기도 김포시
능강관광지,충청북도 제천시 수산면 옥순봉로 1248,충청북도 제천시 수산면 능강리 200-10,36.99110555,128.1965693,1997-06-27,청풍호 경관자원과 연계 한국 최고의 스위스형 테마 및 산악 휴양형 핵심 체류 거점 리조트,충청북도 제천시
삼척해수욕장관광지,강원도 삼척시 수로부인길 453,강원도 삼척시 갈천동 225,37.47034344,129.164734,1984-07-06,대명 쏠비치 리조트 연계운영,강원도 삼척시
맹방관광지,강원도 삼척시 근덕면 상맹방길 30-80,강원도 삼척시 근덕면 하맹방리 221-45,37.395911,129.2207941,1980-05-28,맹방해수욕장 등 연계 운영,강원도 삼척시
초당관광지,강원도 삼척시 근덕면 미근로 1629,강원도 삼척시 근덕면 교곡리 382-1,37.37648791,129.2047561,1990-04-19,대중골프장 조성 연계 운영,강원도 삼척시
장호관광지,강원도 삼척시 근덕면 삼척로 2154,강원도 삼척시 근덕면 장호리 318-1,37.28748977,129.3083365,1979-06-20,해상로프웨이+어촌체험+장호비치캠핑장 조성 연계운영,강원도 삼척시
천안종합휴양관광지,충청남도 천안시 동남구 성남면 종합휴양지로 200,,36.75731215,127.2240961,1996-07-02,"중부권 최대의 온천관광지로 워터파크, 휴양콘도, 천안예술의 전당이 있음.",충청남도 천안시
태조산관광지,충청남도 천안시 동남구 태조산길 261,,36.82207666,127.1889559,1985-07-24,유량동 태조산 아래에 자리잡힌 넓은 공원으로 천안시민들의 문화ㆍ휴식 공간,충청남도 천안시
산청전통한방휴양관광지,경상남도 산청군 금서면 동의보감로555번길 45-6,경상남도 산청군 금서면 특리 1300-86,35.44106575,127.8293609,2001-06-22,"엑스포주제관, 한의학박물관, 동의전 등 머무를 수 있는 체류형 관광지",경상남도 산청군
진하해수욕장,울산광역시 울주군 서생면 진하길 7,울산광역시 울주군 진하리 307-2,35.3855388,129.341732,2016-03-21,"수심이 얕고,파도가 잔잔하여 가족단위 해수욕에 알맞은 울산의 대표적 해수욕장",울산광역시 울주군
영남알프스,울산광역시 울주군 상북면 알프스온천5길 103-8,울산광역시 울주군 상북면 등억알프스리 515-4,35.55634409,129.0676145,2016-03-21,"울주 서쪽에 자리하고 있는 1,000m높이의 산들이 유럽 알프스와 견주어도 손색이 없어 많은 등산객들이 방문하고 있음",울산광역시 울주군
팔봉산관광지,강원도 홍천군 서면 한치골길 1124,강원도 홍천군 서면 어유포리 272,37.703098,127.695183,1980-05-28,8개의 암봉과 홍천강이 어우러진 아름다운 명산,강원도 홍천군
대명비발디파크,강원도 홍천군 서면 한치골길 262,강원도 홍천군 서면 팔봉리 1289,37.645275,127.682271,2008-11-21,"휴양과 레저, 골프 및 스키 등 국내 최대규모의 관광휴양단지",강원도 홍천군
부석사관광지,,경상북도 영주시 부석면 북지리 301-1,36.9942849,128.6802062,2012-06-11,"소백산 자연환경을 배경으로 한 천년고찰 부석사를 직접 참여하고 머무르는 다양한 체험,  관광활동 제공",경상북도 영주시
풍기온천,경상북도 영주시 풍기읍 죽령로 1400,경상북도 영주시 풍기읍 창락리 430,36.8882916,128.4790591,2001-06-04,"용출온도 26.0℃의 소백산 유황온천, 인삼박물관, 정통부수련원 등 입주 및 부석사, 소수서원 등 풍부한 문화관광자원과 연계한 관광 자원 풍부",경상북도 영주시
소수서원,경상북도 영주시 순흥면 소백로 2740,경상북도 영주시 순흥면 내죽리 151-2,36.9256219,128.5802046,1963-01-21,"우리나라 최초의 서원이자 최초의 사액서원으로 강학당, 동·서재, 문성공묘, 학구재·지락재 등 시설이 있음",경상북도 영주시
영주무섬마을,경상북도 영주시 문수면 무섬로234번길 31-12,경상북도 영주시 문수면 수도리 222,36.7318544,128.6215723,2013-08-23,물이 휘감아 도는 형상으로 경관이 수려함. 반남박씨와 선성김씨 집성촌으로 전통주거양식이 잘 보존되어 있음,경상북도 영주시
구덕운동장,부산광역시 서구 망양로 57 (씨름체육관 : 서구 꽃마을로 156번길12),부산광역시 서구 서대신동3가 211-1,35.11526393,129.0144575,1928-09-01,1920년 9월 조그만 동물원을 곁에 둔 넓은 빈터로 마을 체육대회 장소로 사용하다 1928년 9월에 부산공설운동장으로 건립되었다가 1982년 사직운동장이 건립되어 그해 6월에 구덕운동장으로 개칭되었다.,부산광역시 서구
임시수도기념관,부산광역시 서구 임시수도기념로 45,부산광역시 서구 부민동3가 22,35.10374876,129.0175954,1984-06-25,"6.25 당시 임시수도로서 국난극복의 역사적 현장을 길이 보전하여,후세에 물려줌으로서 민족사의 암울한 시기를 깨닫게 하고 조국통일과 번영의 산교육장으로 활용하고 있다.",부산광역시 서구
송도오션파크,,부산광역시 서구 암남동 135-23번지,35.073303,129.017204,2017-04-17,"「송도지구 복합해양휴양지 조성사업」일환으로 2017년에 완공된 「송도오션파크」는 관광객 및 주민들의 열린공간인 ''''''''''''''''축제의 광장'''''''''''''''', 운동시설이 설치되어 있는 ''''''''''''''''젊음의 광장'''''''''''''''', 자동차야영장으로 운영되는 ''''''''''''''''힐링의 광장''''''''''''''''으로 조성되어 있고, ''''''''''''''''힐링의 광장''''''''''''''''은 ''''''''''''''''부산송도오토캠핑장''''''''''''''''이라는 이름으로 민간사업자가 운영중에 있다.",부산광역시 서구
덕포진,경기도 김포시 덕포진로 103번길 130,경기도 김포시 대곶면 신안리 산99번지,37.6502183,126.5372467,1981-01-01,"덕포진은 신미양요와 병인양요때 서구열강과 치열하게 싸웠던 격전지로 포대 모습과 파수청, 손돌묘 등이 남아있으며, 전시관도 관람할 수 있다.",경기도 김포시
덕포진교육박물관,경기도 김포시 덕포진로 103번길 90,경기도 김포시 대곶면 신안리 232-1,37.6506248,126.5387862,1996-01-01,"초등학교에서 교편을 잡았던 부부 교사가 설립한 사립박물관으로 옛날 교과서 와 책걸상, 풍금을 사용한 음악수업이 진행되며 수집물이 고스란이 보존되어 있다.",경기도 김포시
다도박물관,경기도 김포시 애기봉로275번길 187-49,경기도 김포시 월곶면 개곡리 832,37.7375035,126.5744366,2001-01-01,"지상3층 규모로 다도전시장과 조각공원, 다도체험장, 연못, 정자, 투호장 등 부대시설과 잔디광장을 갖춘 복합예술 공간으로 자연을 벗삼아 다도 및 전통예절, 민속놀이 체험을 할 수있다.",경기도 김포시
송지호 관망타워,강원도 고성군 죽왕면 동해대로 6021,강원도 고성군 죽왕면 오봉리 9-34,38.341615,128.51266,2007-07-02,5층 규모의 독특한 관망타워 형태로 송지호에 떼지어 이리저리 날아드는 철새들의 군무가 한눈에 내려다보이는 곳,강원도 고성군
고씨굴 관광지,강원도 영월군 김삿갓면 영월동로 1111,강원도 영월군 김삿갓면 진별리 506-1,37.131079,128.535639,1971-05-21,천연기념물 제219호로 지정된 석회동굴 관광지,강원도 영월군
광덕계곡관광지,강원도 화천군 사내면 포화로 일원,강원도 화천군 사내면 광덕리 일원,38.1077,127.4412,1995-08-03,"광덕계곡은 백운산과 광덕산 사이에 위치하며 자연경관이 수려하고 오염되지 않은 작은폭포, 작은소 등 개끗한 물이 일품이다. 숙박시설이 마련되어 있어 여름 피서지로서 안성맞춤이다.",강원도 화천군
한반도섬,,강원도 양구군 양구읍 고대리 649-2,38.130582,127.982972,2009-07-09,한반도지형을 그대로 축소한 섬,강원도 양구군
을지전망대,강원도 양구군 해안면 전망대로 540,강원도 양구군 해안면 후리 621,38.3247911,128.1355518,1988-12-10,"해발 1,049m DMZ 철책위에서 남북한의 대치상황을 한눈에 볼 수 있다",강원도 양구군
제4땅굴,강원도 양구군 해안면 땅굴로 454,강원도 양구군 해안면 이현리 743,38.31963542,128.1107276,1996-08-01,"1990년 2월3일 발견,  군사 분계선에서 1,028m 떨어진 곳에 위치",강원도 양구군
국토정중앙천문대,강원도 양구군 남면 국토정중앙로 127,강원도 양구군 남면 도촌리 96-5,38.06894001,128.029678,2007-05-31,우리나라의 중심에서 하늘을 바라보기 위해국토정중앙점 부근에 건설되어 2007년 5월 31일 개관,강원도 양구군
간현관광지,강원도 원주시 지정면 소금산길 26,강원도 원주시 지정면 간현리 1056-5,37.36489327,127.832544,1984-05-02,섬강과 삼산천 강물이 합수되는 지점에 위치하고 있어 빼어난 자연경관과 소금산 등반 등을 할 수 있음,강원도 원주시
꽃보라동산,,대구광역시 북구 산격동 1500-6,35.889576,128.601059,2017-03-14,대구광역시 북구 8경사진찍기좋은명소,대구광역시 북구
운암지수변공원,,대구광역시 북구 구암동 349,35.932633,128.567671,2017-03-14,대구광역시 북구 8경사진찍기좋은명소,대구광역시 북구
두타연,,강원도 양구군 방산면 고방산리 1024,38.272446,127.995484,1996-05-07,"금강산에서 발원한 물줄기가 골짜기를 만나 아담한 폭포를 이루고, 그 아래 만들어진 너른 소를 일컫는다.",강원도 양구군
아라뱃길김포터미널,경기도 김포시 아라육로270번길 74,,37.59765509,126.7869691,2012-01-01,경인아라뱃길은 인천 서해에서 김포까지 연결하는 대규모 운하로 아라뱃길을 따라 투어하는 유람선을 비롯하여 요트 체험이 가능한 마리나시설이 있다.,경기도 김포시
화진포 역사안보전시관,강원도 고성군 거진읍 화진포길 300-1,강원도 고성군 거진읍 화포리 596,38.473454,128.441923,1999-07-15,"화진포의 성, 이승만대통령 화진포 기념관, 이기붕부통령별장으로 이루어진 곳",강원도 고성군
화진포 해양박물관,강원도 고성군 현내면 화진포길 412,강원도 고성군 현내면 초도리 94-1,38.481345,128.435682,1995-02-07,"세계적으로 희귀한 각종 조개류, 갑각류, 박제 등 1,500여 종 40,000여 점을 전시한 패류박물관과 수중생물 125종 3,000여 마리를 보여주는 어류전시관으로 구성",강원도 고성군
화진포 생태박물관,강원도 고성군 거진읍 화진포길 256,강원도 고성군 거진읍 화포리 590-2,38.453906,128.44049,2011-11-24,"지상 3층 규모로 층별 3개 전시관에서 화진포호와 관련한 생태계를 관찰, 학습할 수 있는 곳",강원도 고성군
죽녹원,전라남도 담양군 담양읍 죽녹원로 119,전라남도 담양군 담양읍 향교리 산37-6,35.325384,126.9866176,2000-01-02,"2003년 5월에 조성하여 약 31만㎡의 울창한 대나무숲이 펼쳐져 있음. 죽림욕을 즐길수 있는 2.4km의 산책로가 있으며, 가사문학의 산실 담양의 정자문화를 대표하는 6정자를 재현하하고, 밤에는 별을 보며 한옥을 체험할 수 있는 공간이 조성되어있음",전라남도 담양군
암남공원,부산광역시 서구 암남공원로 185,부산광역시 서구 암남동 산 193번지 일원,35.0616574,129.0149368,2004-04-01,"암남공원(岩南公園)은 부산시 서구 진정산 일대에 조성된 자연생태공원이다. 이곳에는 약 1억 년 전 형성된 퇴적암, 100여 종의 야생화와 370여 종의 식물 등 도심에서 보기 드문 자연생태가 군락을 이루고 있다. 산책로 1.9㎞, 해안 산책로 1.2㎞를 포함한 총면적이 55만 3,277㎡로, 아름다운 해안 경치와 울창한 산림이 조화를 이룬 천혜의 자연경관을 자랑한다.",부산광역시 서구
구덕문화공원,부산광역시 서구 꽃마을로 163번길 73,부산광역시 서구 서대신동3가 산18-15번지,35.12641369,129.005742,2004-11-05,"구덕산 자락 숲속에 자리한 교육역사관은 약 277㎡의 단층 목조 건물로, 아늑한 실내 전시부스에는 각 종 교육사료 640여점이 전시되어 있다.",부산광역시 서구
송도해안산책로,부산광역시 서구 암남공원로 185,부산광역시 서구 암남동,35.0616574,129.0149368,2006-04-01,"송도해수욕장과 암남공원을 연결하는 길이 800m, 폭 1m의 송도해안산책로는 편도로 20분 정도 소요된다. 산책로를 걸으며 수많은 배들이 닻을 내린 아름다운 송도 연안과 1억 년 전 퇴적암으로 형성된 암남공원의 절경을 함께 감상할 수 있어 좋다.",부산광역시 서구
대신공원,부산광역시 서구 대신공원로 37-18,부산광역시 서구 서대신동 3가 산2-3,35.121591,129.0161785,1968-02-21,"1968년 2월 21일 대신공원이란 이름으로 일반인이 즐기는 중앙 근린공원 으로 지정되었다. (건설부고시 제360호) 1900년 구덕산과 엄광산의 계곡에 2곳의 수원지를 축조하면서 삼나무, 편백, 벚꽃나무 등의 수목을 심고 주위를 정비한 후 수원지의 수원보호를 위해 일반인의 출입을 금지하였다. 1944년에는 수원지 일대를 자연공원 으로 고시하였는데 역시 일반인의 출입을 통제하였다.",부산광역시 서구
부산공동어시장,부산광역시 서구 충무대로 202,부산광역시 서구 남부민동 691-3,35.08990091,129.0263675,1963-11-01,"부산 공동어 시장은 5개의 수산업협동조합이 공동으로 운영하고 있다. 우리나라 수산물 위판량의 30/100를 차지하고 있는 이곳은 새벽부터 경매사와 수산물 중도매인들의 열기가 뜨거운 곳이다. 주로 소매상인들이 이용하는 시장으로 횟감을 파는 활어 위판장의 모습을 갖추지 않아 어종이 다양하지 못한 것이 단점이다. 일일 위판능력은 2,800∼3,200톤에 이른다.",부산광역시 서구
천마산조각공원,부산광역시 서구 천마산로 209번길 94,부산광역시 서구 남부민동 산4-13,35.08903987,129.0174786,2004-03-01,하늘에서 말이 내려왔다는 전설의 천마바위와 44점의 아름다운 조각예술작품이 운해의 바다 속에서 그 평화로움을 선보인다.,부산광역시 서구
아쿠아리움,대전광역시 중구 보문산공원로 469(대사동),대전광역시 중구 대사동 198-14,36.3108887,127.4209439,2016-07-01,전쟁에 대비해 지하방공호로 활용하던 대전 도심의 천연동굴을 변화시킨 수족관으로 국내최초이자 최대인 담수어 아쿠아리움  *수용인원:제한없음,대전광역시 중구
도림사,전라남도 곡성군 곡성읍 도림로 175,전라남도 곡성군 곡성읍 월봉리 327,35.2670616,127.2576332,1990-02-13,숲과 계곡이 아름다운 청정도량,전라남도 곡성군
섬진강 기차마을,전라남도 곡성군 오곡면 기차마을로 232,전라남도 곡성군 오곡면 오지리 770-5,35.2780945,127.3074651,2005-06-30,"기차를 테마로 다양한 즐길거리가 구비된 곡성의 대표 관광지로, 3년 연속 한국관광100선에 선정되었음. 매년 세계장미축제와 곡성심청축제가 열리는 주무대",전라남도 곡성군
산정호수,경기도 포천시 영북면 산정호수로411번길 5,경기도 포천시 영북면 산정리 451-3,38.065669,127.315722,1977-03-30,백운산에서 흘러내린 맑은 물이 계곡을 이룬곳으로 경관이 수려함,경기도 포천시
백운계곡,경기도 포천시 이동면 포화로 236-24,경기도 포천시 이동면 도평리 35,38.072165,127.409889,1987-09-04,"명성산 밑에 위치한 호수로 경관이 둘레길이 잘 조성되어 있고, 가을 억새로 장관을 이룸",경기도 포천시
예림서원,경상남도 밀양시 부북면 예림서원로128,,35.466181,128.7299691,1988-01-01,예림서원은 영남유림의 종장인 점필재 김종직을 사숙하던 후학들의 교육기관,경상남도 밀양시
밀양향교,경상남도 밀양시 밀양향교3길,,35.506326,128.754685,1983-08-12,밀양향교는 고려시대(1100년경)때 창립되어 임진왜란때 불타 버린것을 1602년 부사 최기가 중건하여 지금까지 현존하고 있는 건물임,경상남도 밀양시
밀양관아,경상남도 밀양시 중앙로348,,35.494564,128.754331,2010-04-01,"조선시대 밀양부 관아의 창건연대는 정확히 알 수 없으며, 1612년에 원유남 부사가 부임하면서 원래 자리에 관아를 복원 하였음",경상남도 밀양시
밀양영남루,경상남도 밀양시 중앙로324,,35.491991,128.755247,1963-01-21,우리나라 3대 누각중에 하나이며 보물제147호임,경상남도 밀양시
만어사,경상남도 밀양시 삼랑진읍 만어로776,,35.454932,128.846222,1968-12-19,해발674m의 만어산 8부 능선에 위치하고 있는 만어사는 가라국 수로왕이 창건한 유서 깊은 사찰,경상남도 밀양시
표충사,경상남도 밀양시 단장면 표충로1338,,35.532294,128.959045,1974-12-28,표충사는 유생들을 교육하고 성현들이 제사하는 표충서원이 사찰영역안에있어 불교와유교가 한자리에 공존하는 특색있는 사찰,경상남도 밀양시
남파고택,전라남도 나주시 금성길 13,전라남도 나주시 남내동 95-25,35.0306171,126.71622,2009-12-17,중요민속자료,전라남도 나주시
석정온천관광지,전라북도 고창군 고창읍 석정2로 173,전라북도 고창군 고창읍 석정리 733,35.43111098,126.7405968,1992-02-24,게르마늄 온천을 이용한 온가족이 함께 즐길 수 있는 사계절 휴양 관광지,전라북도 고창군
온달관광지,충청북도 단양군 영춘면 온달로 23,충청북도 단양군 영춘면 하리 147,37.06295564,128.4929221,1994-09-06,온달관광지,충청북도 단양군
천동관광지,충청북도 단양군 단양읍 다리안로 520,충청북도 단양군 단양읍 천동리 201,36.97401141,128.4165952,1984-11-28,천동관광지,충청북도 단양군
다리안관광지,충청북도 단양군 단양읍 소백산등산길 12,충청북도 단양군 단양읍 천동리 409,36.9647819,128.4207808,1984-11-28,다리안관광지,충청북도 단양군
송도해상케이블카,부산광역시 서구 송도해변로 171,부산광역시 서구 암남동 124-1,35.07679305,129.0231974,2017-06-20,"부산 송도해수욕장 동쪽 송림공원에서 서쪽 암남공원까지 1.62㎞ 구간을 바닥이 투명한 크리스탈 캐빈을 포함한 8인승 캐빈 39기가 운행합니다. 특히 최대 86m 높이에서 바다 위를 가로질러 운행함으로서 탑승객들은 바다 한가운데에서 짜릿함을 느끼는 것은 물론 암남공원, 남항, 영도에 이르기까지 사방으로 펼쳐진 빼어난 풍광을 즐길 수 있습니다.",부산광역시 서구
송도해수욕장,부산광역시 서구 송도해변로 100,부산광역시 서구 암남동 135-5,35.07682117,129.0180502,1913-07-01,"우리나라 제1호 해수욕장. 동양의 나폴리로 불리며 60,80년대 송도의 추억으로 잘 알려진 송도해수욕장이 아름다운 해안선을 자랑하며 사계절 즐길 수 있는 해변공원으로 새롭게 태어났다.",부산광역시 서구
가우도,전라남도 강진군 대구면 중저길 31-27,,34.53639075,126.791046,2013-01-01,곰솔나무 등 태고적 숨결이 가득한 함께해길그리고 바다를 걷는 출렁다리삶의 여유가 묻어나는 섬 가우도에서는 건강함도 함께한다,전라남도 강진군
영랑생가,전라남도 강진군 강진읍 영랑생가길 15,,34.6420738,126.7653823,2013-01-01,구수한 남도 사투리로 현대 서정시의 새로운 지평을 열었던 영랑 김윤식 선생의 생가를 원형 그대로 보존한 곳으로 영랑의 시혼과 그 발자취를 엿볼 수 있다.,전라남도 강진군
다산초당,전라남도 강진군 도암면 다산초당길 68-35,,34.5806738,126.7451609,2013-01-01,다산초당은 조선 후기 실학 사상을집대성한 다산 정약용 선생이 18년간의 유배기간 중 10여년간 생활하며후학을 양성하고 ''목민심서''를 비롯하여 500여권의 책을 저술했던 조선실학의 산실이다.,전라남도 강진군
고려청자박물관,전라남도 강진군 대구면 청자촌길 33,,34.5088142,126.8004143,2013-01-01,"고려청자의 체계적인 관리와 연구를 위해1997년 고려청자박물관을 개관,운영하여청자의 연구는 물론 누구나 쉽게 청자를접하고 이해할 수 있도록 하고 있다.",전라남도 강진군
백련사,전라남도 강진군 도암면 백련사길 145,,34.5880354,126.7476576,2013-01-01,신라말에 창건되어 1211년 원묘국사요세에 의해 중창된 백련사는 1236년백련결사문을 발표하고 백련결사운동을주창하였으며 고려 8국사와 조선 8대사를배출하여 명찰로 알려지게 되었다,전라남도 강진군
오-월드,대전광역시 중구 사정공원로 70(사정동),대전광역시 중구 사정동 142,36.2886107,127.3977884,2002-05-02,주랜드 + 플라워랜드 + 조이랜드”를 복합적으로 구성하여 온가족이 함께 즐길 수 있는 테마공원 *수용인원:제한없음,대전광역시 중구
뿌리공원,대전광역시 중구 뿌리공원로 79(침산동),대전광역시 중구 침산동 364,36.2854269,127.3880835,2013-09-01,"전국유일의 효 테마공원으로서 자신의 뿌리를 되찾을 수 있는 성씨별 조형물과 수변무대, 전망대, 산림욕장 등 다양한 시설이 갖추어진 체험학습의 산 교육장  *수용인원:제한없음",대전광역시 중구
회상나루관광지,경상북도 상주시 중동면 갱다불길 97,경상북도 상주시 중동면 회상리 764,36.442044,128.265614,2013-12-30,"낙동강 회상나루의 새로운 해석과 재현을 통해 주막, 역원 등을 소재로 전통한옥으로 지은 주막촌, 객주촌, 낙동강 문학관 등이 조성되어 관광객들에게 편의를 제공함",경상북도 상주시
표충비,경상남도 밀양시 무안면 동부동안길4,,35.471582,128.651036,1972-02-12,표충비는 국가의 중대사가 있을때를 전후하여 비면에 자연적으러 땀방울이 맺혀서 마치 구슬처럼 흐르는데 이것을 두고 사람들은 나라와 겨례를 염려하는 사명대사의 영험이라고 신성시 하고 있음,경상남도 밀양시
작원관지,경상남도 밀양시 삼랑진읍 검세리산101,,35.39816,128.867415,1990-01-01,김해와 낙동강 유역에 창궐하던 왜적들의 침공을 방비하던 요새지,경상남도 밀양시
나주영상테마파크,전라남도 나주시 공산면 덕음로 450,전라남도 나주시 공산면 신곡리 산2,34.9789507,126.5995011,2007-08-03,테마공원,전라남도 나주시
궁산땅굴역사전시관,서울특별시 강서구 양천로49길 106,,37.57266746,126.8383649,2018-05-11,"궁산 땅굴은 태평양전쟁 말기 일제 강점기에 굴착된 곳으로, 무기나 탄약 등, 군수물 자를 저장하거나 김포 비행장을 감시하고, 공습 때에는 부대 본부로 사용하기 위한 곳이었다고 전해진다.",서울특별시 강서구
허가바위,서울특별시 강서구 허준로5길 15,,37.56983571,126.8500301,1991-12-24,옛날 석기 시대의 사람들이 이곳에서 살았으리라 짐작되는 혈거동굴로서 연구 가치가 매우 높다. 허준은 허가바위에서 『동의보감』을 완성했다고 한다.,서울특별시 강서구
다덕약수관광지,경상북도 봉화군 봉성면 다덕로 873,경상북도 봉화군 봉성면 우곡리 505-5,36.9141215,128.8273232,2008-12-30,옛날 스무나무 아래 약수가 있어 이를 마시고 위장병과 피부병에 효험이 있어 많은 사람이 이 약수를 마시고 덕을 보았다 하여 다덕약수라고 불리움,경상북도 봉화군
유니온파크,경기도 하남시 미사대로 710,경기도 하남시 신장동 27,37.54654783,127.2205032,2015-06-01,"기존의 노후화 된 소각장, 재활용선별장, 음식물처리장, 중계펌프장 등의 시설 개선과 미사지구와 같은 택지개발사업 등으로 환경기초시설 확충이 요구됨에 따라 국내최초로 지하에 폐기물처리시설과 하수처리시설을 함께 설치한 신개념 환경기초시설이다. 지하에는 소각처리시설, 재활용선별시설, 음식물자원화시설, 하수처리시설 등이 설치되어 있고, 지상에는 잔디광장, 어린이물놀이시설, 다목적체육관, 야외체육시설 등 다양한 주민친화시설이 있는 하남유니온파크와 한강·검단산 등 하남의 아름다운 경관을 한눈에 조망할 수 있는 하남유니온타워(105m)가 설치되어있다.",경기도 하남시
광주향교,경기도 하남시 대성로 126-13,경기도 하남시 교산동 227-3,37.52207622,127.1984175,1983-09-19,"고려, 조선시대의 교육기관으로 유학을 가르치고 인재를 양성하던 곳",경기도 하남시
이성산성,,경기도 하남시 춘궁동 산 36,37.525136,127.185151,2000-09-16,6세기 중반경에 신라가 쌓은 것으로 추정되는 신라시대 산성,경기도 하남시
동학농민혁명기념공원,충청북도 보은군 보은읍 동학로 236-22,충청북도 보은군 보은읍 성족리 산16,36.51567136,127.7591951,2015-09-01,탐관오리에 대한 봉기와 외세에 대한 저항 의식을 일깨워 준 농민들의 자발적 혁명으로 3.1운동의 큰 밑거름이 되었다,충청북도 보은군
금마관광지,전라북도 익산시 금마면 고도9길 41-14,전라북도 익산시 금마면 동고도리 534-3,36.0015063,127.0570781,1990-12-03,익산 서동공원 일원,전라북도 익산시
미륵사지관광지,전라북도 익산시 금마면 미륵사지로 362,전라북도 익산시 금마면 기양리 104-1,36.0108304,127.0282197,2006-02-22,미륵사지 절터 및 전시실,전라북도 익산시
왕궁보석테마 관광지,전라북도 익산시 왕궁면 호반로 8,전라북도 익산시 왕궁면 동용리 541-1,35.9903918,127.1014677,2001-07-05,익산 보석박물관,전라북도 익산시
웅포관광지,전라북도 익산시 웅포면 강변로 25,전라북도 익산시 웅포면 웅포리 727,36.06621579,126.876232,2003-02-18,웅포 곰개나루 및 캠핑장,전라북도 익산시
예천포리관광지,경상북도 예천군 감천면 복골길 150,경상북도 예천군 감천면 포리 688번지,36.70015808,128.514204,2004-11-08,"내성천 지류가 자연석과 어울려 경관이 수려하며, 충효테마공원에서 충효 체험이 가능함.",경상북도 예천군
소요산관광지,경기도 동두천시 평화로2910번길 145,경기도 동두천시 상봉암동 산 1-1,37.94652177,127.0693409,1977-03-31,가을 단풍이 아름다워 예부터 경기의 소금강이라 일컬어졌으며 자재암 원효폭포 등의 관광명소가 소재하고 있다,경기도 동두천시
어답산관광지,강원도 횡성군 갑천면 어답산로 516,강원도 횡성군 갑천면 병지방리 539-1,37.59380861,128.0575207,1999-09-27,"병지방계곡,캠핑장",강원도 횡성군
유현문화관광지,강원도 횡성군 서원면 경강로유현1길 30,강원도 횡성군 서원면 유현리 1097,37.5293633,127.818847,2003-04-12,"풍수원성당, 유물전시관, 산책로",강원도 횡성군
웰리힐리파크 관광단지,강원도 횡성군 둔내면 고원로 451,강원도 횡성군 둔내면 두원리 204,37.4910069,128.2481666,2005-06-15,"스키장, 골프장, 곤돌라, 콘도",강원도 횡성군
경천대관광지,경상북도 상주시 사벌면 경천로 652,경상북도 상주시 사벌면 삼덕리 1-13,36.457131,128.247205,1987-06-20,"낙동강 1,300여 리 물길 중 강의 이름이 되었을 정도로 태고의 신비를 간직한 경천대는 깎아지른 절벽과 노송으로 이루어진 절경이 빼어난 곳으로, 하늘이 스스로 내렸다고 해 자천대라고도 함",경상북도 상주시
양천향교,서울특별시 강서구 양천로47나길 53,,37.572863,126.839905,1990-06-18,조선 태종 11년(1411년)에 만들어졌으며 현재 서울에 남아있는 유일한 향교이다. 이름 때문에 양천구에 위치한 것으로 오해할 수 있으나 실제로는 강서구 가양동에 위치하고 있다. 인근에 위치한 서울 지하철 9호선 양천향교역 역시 이 곳의 이름을 따서 제정되었다.,서울특별시 강서구
약사사,서울특별시 강서구 금낭화로17길 261,,37.58312625,126.8050072,1980-06-11,서울 강서구 관내 전통사찰 중 제1의 위상을 지닌 대한불교조계종 직할교구 사찰,서울특별시 강서구
양천고성지,서울특별시 강서구 양천로47나길 52-54,서울특별시 강서구 가양동 산4-7외 5필지,37.57425363,126.8413319,1992-03-10,양천고성지는 양천향교의 뒷산인 궁산에 있는 옛 성터. 백제 22대 문주왕이 웅진으로 천도(475년)하기 전 강 건너 고구려 침입에 대비하기 위해 쌓은 성으로 조선 성종(1470년)까지 요새가 있었던 것으로 짐작된다.,서울특별시 강서구
황산공원,경상남도 양산시 물금읍 물금리 162-1,경상남도 양산시 물금읍 물금리 162-1,35.30204647,128.9909431,2000-01-01,https://hwangsanpark.yangsan.go.kr/,경상남도 양산시
임경대,경상남도 양산시 원동면 화제리 산72-4,경상남도 양산시 원동면 화제리 산72-4,35.32243455,128.9778074,2000-01-01,http://www.yangsan.go.kr/tour/main.do,경상남도 양산시
양산시립박물관,경상남도 양산시 북정로 78,경상남도 양산시 북정로 78,35.35849531,129.0490358,2012-12-01,http://www.yangsan.go.kr/museum/main.do,경상남도 양산시
고구려대장간마을,경기도 구리시 우미내길 42,경기도 구리시 아천동 산45-1,37.582862,127.118891,2008-04-25,국내유일의 고구려 박물관으로 아차산에서 출토된 유물을 전시하고 있으며 고구려모습을 보여주는 야외전시관을 운영,경기도 구리시
동구릉,경기도 구리시 동구릉로 197번길,경기도 구리시 인창동 66번지,37.618696,127.134226,1970-05-26,유네스코 세계유산이자 사적 제193호로 지정된 「구리 동구릉(東九陵)」은 ‘도성(都城)의 동(東)쪽에 있는 아홉(九) 기의 왕릉’이라 하여 동구릉이라 붙여짐,경기도 구리시
보은 삼년산성,충청북도 보은군 보은읍 성주1길 104,충청북도 보은군 보은읍 어암리 280-1,36.48993999,127.7417752,1973-05-25,신라 삼국통일의 전초기지인 삼년산성은 축성연대는 물론 수축연대가 정확히 기록되어 있는 산성으로 중부권의 역사적 가치를 지닌 문화유산이다,충청북도 보은군
보은 우당고택,충청북도 보은군 장안면 개안길 10-2,충청북도 보은군 장안면 개안리 154,36.46857583,127.7906134,1984-01-10,고요함을 품은 보은 우당고택은 100년이 넘은 고택으로 전통적인 기법으로 지어 전통가옥을 체험할 수 있다,충청북도 보은군
속리산 법주사,충청북도 보은군 속리산면 법주사로 379,충청북도 보은군 속리산면 사내리 209,36.53993659,127.8306346,2009-12-21,대한불교조계종 제5교구의 본사로 신라시대 의신 조사가 창건하였고 2018년 6월 유네스코세계문화유산에 등재 되어 세계문화를 인정 받았다,충청북도 보은군
공주문화관광지,,충청남도 공주시 웅진동 431,36.47076183,127.1108055,2007-09-27,백제역사 유적관광지,충청남도 공주시
마곡사관광지,,충청남도 공주시 사곡면 운암리 731-2,36.55617136,127.020329,1994-03-30,천년고찰 마곡사 관광지,충청남도 공주시
천안종합휴양,충청남도 천안시 동남구 성남면 종합휴양지로 185,,36.75604728,127.2258439,1996-07-02,"워터파크 및 스파콘도, 천안종합문화예술회관 등 레저·문화·휴양의 테마형 종합관광지",충청남도
임진각관광지,경기도 파주시 문산읍 임진각로 177,경기도 파주시 문산읍 사목리 494-1,37.8893177,126.740081,1991-01-28,"서울에서 북서쪽으로 약 54km 떨어진 임진각은 6.25 전쟁의 비통한 한이 서려 있는 곳이다. 6,000평 대지 위에 지하 1층, 지상 3층의 임진각은 1972년에 북한 실향민을 위해 세워져 지금은 관광명소로 많이 알려져 있다. 이곳에는 평화와 환경의 중요성을 전달하는 경기평화센터가 있다. 또한, 철마는 달리고 싶다 철도중단점, 북한 실향민을 위한 망배단, 미얀마 아웅산 순국외교사절 위령탑, 한국전쟁의 대표 유산으로서 50여년 만에 개방이 된 자유의 다리와 한반도의 지령을 본딴 통일연못, 평화의 종, 미국군 참전기념비 등이 있는 통일안보 관광지이다. 더불어 남북교류 및 화해협력의 장소로 통일관련행사를 많이 치르고 있다. 판문점처럼 복잡한 허가절차를 필요로 하지 않는 관광지로서 경기도내에서 가장 외국인이 많이 찾는 곳이 되었다. 최근 소규모 어린이 놀이시설을 개발하여 바이킹, 미니열차 등을 이용할수 있다.",경기도 파주시
방화동가족휴가촌,전라북도 장수군 번암면 방화동로 778,전라북도 장수군 번암면 사암리 625,35.59064179,127.5268761,1988-02-19,전국 8대종산에 속하는 장안산 기슭을 따라 펼쳐지는 맑고 깨끗한 계곡을 끼고 조성된 국민 휴양지,전라북도 장수군
인천도호부청사,인천광역시 미추홀구 매소홀로 589,인천광역시 미추홀구 문학동 349-2,37.43937843,126.6868142,2001-10-14,조선시대 행정기관의 하나로 상급기관인 목(牧)과 하급기관인 군(郡) · 현(縣) 사이에서 행정을 담당했던 관청,인천광역시 미추홀구
대운산자연휴양림,경상남도 양산시 탑골길 208-124,경상남도 양산시 용당동 산66,35.41784975,129.2088996,2009-07-01,http://www.yssisul.or.kr/dwhuyang/cmm/main/mainPage.do,경상남도 양산시
법기수원지,경상남도 양산시 동면 법기로 198-13,경상남도 양산시 동면 법기리 332,35.34825271,129.1079758,2010-07-01,http://www.yangsan.go.kr/tour/main.do,경상남도 양산시
양산타워,경상남도 양산시 동면 강변로 264-1,경상남도 양산시 동면 석산리 652,35.32782588,129.0276012,2008-01-01,http://www.yangsantower.com/,경상남도 양산시
에덴밸리,경상남도 양산시 원동면 어실로 1206,경상남도 양산시 원동면 대리 1040-1,35.42905699,128.9845146,2007-12-20,http://www.edenvalley.co.kr/,경상남도 양산시
통도환타지아,경상남도 양산시 하북면 통도7길 68,경상남도 양산시 하북 면순지리 470,35.4975354,129.0842785,1993-04-30,http://www.fantasia.co.kr/main.htm,경상남도 양산시
김녕관광지,,제주특별자치도 제주시 구좌읍 김녕리 497-5,33.5548971,126.7656156,1971-05-20,"해양레져스포츠, 캠핑 등 즐길거리가 가득한 제주시 동부 대표 휴양지",제주특별자치도 제주시
곽지관광지,,제주특별자치도 제주시 애월읍 곽지리 1566,33.4499564,126.3041171,2004-07-19,접근성이 좋고 바닷물과 노천탕을 동시에 즐길 수 있는 제주시 서부 대표 휴양지,제주특별자치도 제주시
협재관광지,,제주특별자치도 제주시 한림읍 협재리 2450,33.3935073,126.2384709,1985-06-21,에메랄드 빛 바다색과 비양도 절경을 품고 있는 제주시 서부 대표 휴양지,제주특별자치도 제주시
벽계야영장,경상남도 의령군 궁류면 벽계로201 일대,,35.426107,128.208032,2015-08-03,"주변경관이 수려하며 물놀이장, 공연장, 캠프파이어장을 갖추고 있음",경상남도 의령군
공릉관광지,경기도 파주시 조리읍 장곡로 218,경기도 파주시 조리읍 장곡리 420-6,37.7498111,126.8335655,1977-03-31,"공릉 근처에 있다. 보트와 배 등 수상 레저시설을 갖춘 호반 관광지이다. 관광지 안에 들어선 하니랜드에는 10여 종의 놀이시설과 야외수영장, 낚시터,눈썰매장,산책로 등이 갖추어져 있다. 개장시간은 오전 10시부터 오후 6시까지이다.",경기도 파주시
왜목마을관광지,충청남도 당진시 석문면 왜목길 15-5,,37.04493276,126.5246154,2002-02-26,"서해 최고의 일출, 일몰 감상지",충청남도 당진시
난지섬관광지,충청남도 당진시 석문면 난지1길 67,,37.047036,126.4242087,2007-02-28,바다가 맑고 한적한 섬 해수욕장,충청남도 당진시
김포함상공원,경기도 김포시 대명항1로 110-36,경기도 김포시 대곶면 대명리 551-1,37.6406387,126.539261,2006-01-01,52년간 바다를 지켜오다 2006년 12월 퇴역한 상륙함(운봉함)을 활용하여 조성한 수도권 유일의 함상공원으로 다양한 전시품 감상 및 함상 체험활동을 할 수 있다.,경기도 김포시
이병주문학관,경상남도 하동군 북천면 이명골길 14-28,경상남도 하동군 북천면 직전리 231,35.0969825,127.8942256,2008-04-24,문학인 이병주선생의 작품 및 작품활동을 엿볼수 있음,경상남도 하동군
지리산역사관,경상남도 하동군 화개면 화개로 1438,경상남도 하동군 화개면 대성리 1389,35.2896912,127.646527,2002-06-03,지리산을 안고 살아온 우리조상들의 생활상 이해공간 제공,경상남도 하동군
계족산황톳길,대전광역시 대덕구 장동로 59,대전광역시 대덕구 와동 2-1,36.40406651,127.4297932,2019-01-01,Y,대전광역시
소래역사관,인천광역시 남동구 아암대로 1605(논현동),,37.39816347,126.7375992,2012-06-29,소래의 역사와 문화 그리고 아름다운 옛모습을 보존하고자 2012년 6월에 개관한 남동구 최초의 공립박물관,인천광역시 남동구
허준근린공원,서울특별시 강서구 허준로5길 42,,37.56759867,126.8537291,1993-10-31,공원주위에는 서울 기념물 제11호인 허가바위가 있고 공원내에는 전설이 깃든 광주바위와 허준 선생이 앉아서 병자를 진료하는 인자한 모습의 동상 그리고 호수 정자 어린이 놀이 시설이 있으며 인근 주민들의 휴식공간으로 이용되고 있다.,서울특별시 강서구
예당국민관광지,충청남도 예산군 응봉면 예당관광로 161,,36.63801252,126.799434,1986-05-02,"예당호를 배경으로 예당호 출렁다리, 예당호 조각공원, 느린호수길, 캠핑장, 야영장이 조성되어 있어 가족단위 휴양객이 즐길수 있는 관광지",충청남도 예산군
황령산관광지,부산광역시 수영구 황령산로 156,부산광역시 수영구 광안동 산 60-1,35.1552432,129.1029084,1987-03-02,"부산광역시 금련산청소년수련원 일대이며, 부산 도심 속 천혜의 황령산 자락에 위치하고 있어 부산의 랜드마크인 광안리 해수욕장, 광안대교, 해운대를 한눈에 바라볼 수 있음.",부산광역시 수영구
삽교호관광지,충청남도 당진시 신평면 삽교천3길 100,,36.88890544,126.8247541,1983-10-10,"서해대교를 비롯, 호수와 바다가 한눈에 들어오는 곳",충청남도 당진시
삼성궁,경상남도 하동군 청암면 삼성궁길 2,경상남도 하동군 청암면 묵계리 1738-3,35.2386033,127.705394,2001-12-03,"환인, 환웅, 단군을 모신 궁이며 돌탑 등을 관람 할 수 있음",경상남도 하동군
아우라지관광지,"강원도 정선군 여량면 여량리, 유천리 일원",,37.475854,128.724151,2002-09-13,"여량면 여량리에 위치해 있으며, 강원도 무형문화재 제1호인 정선 아리랑의 대표적인 발상지 중 한 곳. 예부터 강과 산이 수려하고 평창군 도암면에서 발원되어 흐르고 있는 구절쪽의 송천과 삼척군 하장면에서 발원하여 흐르고 있는 임계쪽의 골지천이 합류되어 “어우러진다”하여 아우라지라 불리움",강원도 정선군
화암관광지,강원도 정선군 화암면 화암리 540번지 일원,,37.350854,128.790064,1977-03-17,화암동굴과 화암약수 등 천혜의 자연자원과 청정한 주변 환경으로 인한 개발 잠재력이 풍부한 지역,강원도 정선군
대청호반,대전광역시 대덕구 대청로 607,대전광역시 대덕구 미호동 57,36.47362538,127.4735679,2019-01-01,Y,대전광역시
장도포대지,,인천광역시 남동구 논현동 111-13,37.39790186,126.7382687,2000-01-01,인천광역시 문화재자료 제19호로 조선시대인 1877년 일본이 서해안 개항지를 물색하자 고종이 어영대장 신정희로 하여금 설치하였음,인천광역시 남동구
신정호국민관광지,충청남도 아산시 신정로 616,충청남도 아산시 방축동 5번지 일원,36.773147,126.9858804,1971-05-20,신정호는 담수면적이 92ha이며 농업용수 공급을 목적으로 1926년에 만들어진 인공호수이다.,충청남도 아산시
아산온천관광지,충청남도 아산시 송악면 도송로632번길 138,"충청남도 아산시 음봉면 신수리, 영인면 아산리 일원",36.6987411,126.9664775,1991-03-15,"1987년에 발견되어, 1991년에 관광지로 지정된 아산온천은 2001년 테마 온천 시설인 아산스파비스가 개장된 이후로 인기가 높다. 약알칼리성 온천으로 20여종의 인체에 유익한 성분이 다량 함유되어 있다.",충청남도 아산시
최참판댁,경상남도 하동군 악양면 평사리길 66-7,경상남도 하동군 악양면 평사리 483,35.1556978,127.688408,2001-01-04,소설 토지의 최참판댁을 복원하여 전통 건축물 등을 관람 할 수 있음,경상남도 하동군
천안 골드힐카운티 리조트 관광단지,충청남도 천안시 서북구 입장면 기로3길 162,,36.89202245,127.2484702,2011-12-30,의료관광단지 및 골프장 조성 등 체류형 관광단지,충청남도
소래포구,인천광역시 남동구 포구로 2-9(논현동),,37.3988308,126.7403795,2000-01-01,실제 어선이 드나드는 수도권 유일의 재래포구,인천광역시 남동구
소래습지생태공원,인천광역시 남동구 소래로 154번길 77(논현동),,37.40736572,126.7463366,2005-01-01,갯벌과 옛 염전지역을 다양한 생물군락지와 철새도래지로 복원시킨 생태공원,인천광역시 남동구
소래철교,인천광역시 남동구 포구로 2-9(논현동),,37.3988308,126.7403795,2000-01-01,수인선 협궤열차가 다니던 철로교량으로 길이 126미터의 소래철교는 1994년 열차운행이 중단된 후 통행로로 이용,인천광역시 남동구
불회사,전라남도 나주시 다도면 다도로 1224-142,전라남도 나주시 다도면 마산리 999,34.9085344,126.8212738,1968-12-12,사찰,전라남도 나주시
금성관,전라남도 나주시 금성관길 8,전라남도 나주시 과원동 109-5,35.0328694,126.7144929,1972-01-29,시도유형문화재,전라남도 나주시
도래마을(홍기옥 가옥),전라남도 나주시 다도면 동력길 16,전라남도 나주시 다도면 풍산리 199,34.9982734,126.8203117,1984-01-10,중요민속문화재,전라남도 나주시
정수루,전라남도 나주시 금성관길 13-20,전라남도 나주시 금계동 33-18,35.0321775,126.7160575,1984-02-29,전라남도문화재자료,전라남도 나주시
나주향교,전라남도 나주시 향교길 38,전라남도 나주시 교동 32-3,35.0335556,126.7093249,1985-02-25,시도유형문화재,전라남도 나주시
완사천,전라남도 나주시 완사천길 14,전라남도 나주시 송월동 1096-13,35.0154791,126.7118546,1986-02-17,시도기념물,전라남도 나주시
목사내아,전라남도 나주시 금성관길 13-8,전라남도 나주시 금계동 33-31,35.0320205,126.7143379,1986-09-29,전라남도문화재자료,전라남도 나주시
영모정,전라남도 나주시 다시면 회진길 14-8,전라남도 나주시 다시면 회진리 101,34.9972536,126.6649382,1987-06-01,시도기념물,전라남도 나주시
남고문,,전라남도 나주시 남내동 2-20,35.0295791,126.7183107,1990-10-31,사적,전라남도 나주시
구)나주역,전라남도 나주시 죽림길 26,전라남도 나주시 죽림동 60-172,35.0280742,126.7240915,2000-12-29,전라남도기념물,전라남도 나주시
노안천주교회,전라남도 나주시 노안면 이슬촌길 108,전라남도 나주시 노안면 양천리 780,35.1035406,126.6729169,2002-09-13,등록문화재,전라남도 나주시
나주시천연염색박물관,전라남도 나주시 다시면 백호로 379,전라남도 나주시 다시면 회진리 163,34.9941709,126.660678,2006-09-15,박물관,전라남도 나주시
나주목문화관,전라남도 나주시 금성관길 15,전라남도 나주시 금계동 13-2,35.0322924,126.7135485,2006-10-19,박물관,전라남도 나주시
중흥골드스파&리조트,전라남도 나주시 다도면 나주호로 558-314,전라남도 나주시 다도면 방산리 1449-4,34.9482971,126.8692314,2007-06-15,유원지,전라남도 나주시
아트빌리지(한옥마을),경기도 김포시 모담공원로 170,경기도 김포시 운양동 1325-1,37.6466321,126.696212,2018-03-03,"김포시 운양동 모담산 자락에 안겨 있는 김포아트빌리지는 모담산이 주는 소담한 자연의 아름다움이 느껴지는 자연친화적 문화 · 예술 공간으로서, 다양한 문화예술을 창작하고 체험할 수 있는 예술 공방, 전통한옥숙박체험관이 있고 지역문화예술 단체의 창작 활동 공간인 아트센터에는, 다목적홀, 전시관이 있으며 또한 천여 명의 관객을 수용할 수 있는 자연과 어우러지는 야외공연장으로 구성되어 있습니다.",경기도 김포시
통도사,경상남도 양산시 하북면 통도사로 108,경상남도 양산시 하북면 지산리 583,35.49853568,129.0509514,2000-01-01,http://www.tongdosa.or.kr/kor/,경상남도 양산시
내원사계곡(내원사),경상남도 양산시 하북면 내원로 2017,경상남도 양산시 하북면 용연리 291,35.44578536,129.1104508,2000-01-01,http://www.yangsan.go.kr/tour/main.do,경상남도 양산시
홍룡폭포(홍룡사),경상남도 양산시 상북면 홍룡로 372,경상남도 양산시 상북면 대석리 1,35.3970035,129.0864895,2000-01-01,http://www.yangsan.go.kr/tour/main.do,경상남도 양산시
염선재,충청남도 계룡시 사계로 5-16(금암동),충청남도 계룡시 금암동 45,36.2693923,127.261851,1990-09-27,사계 김장생 선생의 계배 순천김씨의 재실,충청남도 계룡시
이심원충신정려현판,충청남도 계룡시 금암1 길 7(금암동),충청남도 계룡시 금암동 281-4,36.280034,127.2470773,1995-03-06,효령대군의 증손인 이심원선생의 충직함을 기리기 위한 현판,충청남도 계룡시
신원재,충청남도 계룡시 두마면 왕대2길43,충청남도 계룡시 두마면 왕대리 299,36.255245,127.270342,2002-01-10,사계 김장생 선생의 9번째 아들인 김비 선생의 재실,충청남도 계룡시
국립나주박물관,전라남도 나주시 반남면 고분로 747,전라남도 나주시 신촌리 152-25,34.9144962,126.6574509,2013-11-22,박물관,전라남도 나주시
영산포 역사갤러리,전라남도 나주시 영산3길 17 영산포,전라남도 나주시 영산동 247-2,35.0006914,126.7093485,2015-10-15,박물관,전라남도 나주시
나주복암리고분전시관,전라남도 나주시 다시면 백호로 287,전라남도 나주시 다시면 복암리 71,34.9961663,126.6538838,2016-04-30,박물관,전라남도 나주시
일본인근대가옥,전라남도 나주시 예향로 3869-4,전라남도 나주시 영산동 660,35.0009356,126.7112913,2016-06-10,근대가옥,전라남도 나주시
빛가람호수공원전망대,전라남도 나주시 호수로 77,전라남도 나주시 빛가람동 산4-321,35.0152195,126.7811718,2016-07-08,공원,전라남도 나주시
제주별빛누리공원,제주특별자치도 제주시 선돌목동길 60(오등동),제주특별자치도 제주시 오등동 10-34,33.4445529,126.5491863,2009-03-20,천문우주과학분야에 대한 호기심을 해결 할 수 있는 문화공간,제주특별자치도 제주시
노루생태관찰원,제주특별자치도 제주시 명림로 520(봉개동),,33.4443253,126.6266934,2007-08-03,100여 마리의 노루를 관찰할 수 있고. 자연학습과 생태체험. 오름산행을 즐길 수 있는 열린 시민의 공간입니다.,제주특별자치도 제주시
감천문화마을,부산광역시 사하구 감내2로 203(감천동),부산광역시 사하구 감천동 1-14번지,35.09748815,129.0106077,1900-01-01,한국전쟁 당시 피난민들이 모여산 계단식 마을로 다양한 예술작품 감상 가능,부산광역시 사하구
장림포구,부산광역시 사하구 장림로 93번길 72(장림동),부산광역시 사하구 장림동 1092번지,35.0792974,128.9513486,1900-01-01,"배가 드나드는 강의 어귀로 조선시대 군사요충지였으며, ''부네치아''라 불림",부산광역시 사하구
김포평화누리길 1코스,,경기도 김포시 대곶면 대명리 561(대명항),37.6596942,126.5590043,2010-01-01,"김포 평화누리길은 대명항에서 시작하여 문수산, 애기봉 입구를 지나 전류리포구까지 3코스(총39km)로 나뉘어 조성되어 있다.",경기도 김포시
김포평화누리길 2코스,,경기도 김포시 월곶면 성동리 산49(문수산성),37.7429948,126.5467533,2010-01-01,"김포 평화누리길은 대명항에서 시작하여 문수산, 애기봉 입구를 지나 전류리포구까지 3코스(총39km)로 나뉘어 조성되어 있다.",경기도 김포시
김포평화누리길 3코스,,경기도 김포시 하성면 가금리 237(애기봉입구),37.7491124,126.6147154,2010-01-01,"김포 평화누리길은 대명항에서 시작하여 문수산, 애기봉 입구를 지나 전류리포구까지 3코스(총39km)로 나뉘어 조성되어 있다.",경기도 김포시
김포 장릉,경기도 김포시 장릉로 79(풍무동),경기도 김포시 풍무동 산141-1,37.6106306,126.7125896,1970-05-26,유네스코 세계문화유산으로 등재된 장릉(사적 제202호)은 조선 16대  인조대왕의 생부인 원종과 부인 인헌왕후 구씨를 모신 곳이다. 능 주위가 공원으로 꾸며져 있다.,경기도 김포시
애기봉,경기도 김포시 하성면 평화공원로 139,,37.7431684,126.5940634,1966-01-01,병자호란 때 끌려간 평안감사를 그리워하다 죽은 기생 애기의 한이 강 하나를 사이에 두고 오가지 못하는 이산가족의 한과 같다고 하여 애기봉이라 명명한 곳으로 우리나라에서 북한을 제일 가까이에서 볼 수 있다.,경기도 김포시
문수산성,,경기도 김포시 월곶면 성동리 산36-1,37.7429948,126.5467533,1966-01-01,1694년(숙종20)에 외적을 막고 강화도 방어를 위해 쌓은 산성으로 병인양요 때 프랑스근과 치열한 격전을 벌인 곳으로 유명하다  현재는 총길이 6km 중 성곽의 일부 979m를 보수하여 4km의 성곽이 남아있다.,경기도 김포시
고석정,강원도 철원군 동송읍 태봉로 1825,강원도 철원군 동송읍 장흥리 20-1,38.1865639,127.2874501,1977-03-17,1977년 국민관광지로 지정된 고석정은 한탄강 중류에 위치한 철원구경의 하나로 강 중앙에 10m 높이의 거대한 기암이 우뚝 솟아 있는 것이 특이한 남한대륙의 유일한 현무암 분출지이며 조선조 초기 임꺽정의 활동무대로도 널리 알려져 있어 많은 전설이 전해지고 있다. 이 곳에서 상류로 약 2km 지점에 직탕폭포와 하류 약 2km 지점에 순담이 위치해 있으며 넓은 잔디광장과 유원시설 등이 있어 어느 때나 관광객이 즐겨 찾고 있다. 또한 시설물관리사업소가 있어 안보관광도 함께 할 수 있는 관광의 최적지이다.,강원도 철원군
춘장대해수욕장,충청남도 서천군 서면 춘장대길 20,,36.16334922,126.5243355,1997-06-27,"백사장 길이는 2km, 폭은 200m, 평균 수심은 1~2m 서천읍에서북쪽으로 34km 떨어진 곳에 있다. 아카시아숲이 울창하고 해송으로 둘러싸여있으며, 경사가 완만하고 파도가 잔잔한 천혜의 조건을 갖춘 해수욕장",충청남도
직탕,강원도 철원군 갈말읍 직탕길 32,강원도 철원군 갈말읍 상사리 552,38.2069176,127.2689997,2001-02-01,"천혜의 자연환경을 자랑하는 한탄강 상류지역으로 강을 횡단하여 떨어지는 수직 낙하 폭이 80m의 절벽으로 이루어진 직탕폭포가 있는 곳으로 맑고 깨끗한 풍부한 수량, 빼어난 주상절리 협곡, 절경을 감상하며 뛰어내리는 태봉대교 번지점프, 자연의 맛이 살아 있는 매운탕이 유명한 곳이다. 한탄강 국가지질공원으로 지정받은 지질명소이기도 하다.",강원도 철원군
대광해수욕장,전라남도 신안군 임자면 대광해수욕장길 179,전라남도 신안군 임자면 광산리 407-24,35.1026817,126.0724741,1990-09-21,넓은 백사장과 주변 섬들의 경관 등 천혜의 자연환경을 지님,전라남도 신안군
미당서정주의 집,서울특별시 관악구 남부순환로 256 나길 4,서울특별시 관악구 남현동 1071-11,37.4734032,126.973367,2013-01-01,시인 미당 서정주가 1970년부터 2000년까지 실재 거주하던 곳으로 생활 흔적이 그대로 남아있음,서울특별시 관악구
강감찬전시관,서울특별시 관악구 낙성대로 77 낙성대공원내,서울특별시 관악구 봉천동 228,37.4713573,126.9597266,2017-04-01,강감찬장군과 귀주대첩 관련 자료를 전시하는 전시관,서울특별시 관악구
사계고택,충청남도 계룡시 두마면 사계로 122-4,충청남도 계룡시 두마면 두계리 96,36.265691,127.271724,2013-11-11,조선중기 유학의 대가 사계김장생 선생의고택,충청남도 계룡시
모원재,충청남도 계룡시 두마면 왕대2길6-10,충청남도 계룡시 두마면 왕대리 281-1,36.254886,127.2732753,1989-04-20,사계 김장생 선생의 5대 선친인 김국광의 재실,충청남도 계룡시
반남고분군,전라남도 나주시 반남면 고분로 756,전라남도 나주시 반남면 신촌리 249-2,34.914685,126.6591998,2011-07-28,사적,전라남도 나주시
백호문학관,전라남도 나주시 다시면 회진길 8,전라남도 나주시 다시면 회진리 103,34.996891,126.6647524,2013-04-13,박물관,전라남도 나주시
태조산,,충청남도 천안시 동남구 유량동 22-1,36.82207666,127.1889559,1985-07-24,근린공원(태조산공원)으로 관리되고 있음,충청남도
곰나루,,충청남도 공주시 웅진동 347,36.46658989,127.1075716,1985-12-01,가족단위 방문객의 숙박 및 다양한 여가를 위한 역사문화관광지,충청남도
마곡사관광지,,충청남도 공주시 사곡면 운암리 731-2,36.555956,127.020175,1993-11-09,유네스코 세계문화유산으로 지정된 천년고찰 마곡사의 고즈넉한 자연경관 및 전통과 불교의 문화를 느낄 수 있음.,충청남도
마곡온천관광지,충청남도 공주시 사곡면 온천길 53,,36.54396787,127.0122224,2014-09-25,세계문화유산 마곡사 인근의 온천관광지,충청남도
공주문화관광지,,충청남도 공주시 웅진동 533,36.462397,127.104615,1996-10-24,가족단위 방문객의 숙박 및 다양한 여가를 위한 역사문화관광지,충청남도
신정호관광지,충청남도 아산시 신정로 616,,36.77152186,126.9839153,1971-05-20,몸과 마음의 휴식 공간 신정호는 시민 및 관광객들의 사랑을 듬뿍 받는 관광명소로 자리잡고 있습니다.,충청남도
아산온천관광지,충청남도 아산시 음봉면 아산온천로157번길 67,,36.85530263,126.9782463,1991-03-15,"아산온천은 1987년에 발견, 1991년에 관광지로 지정된 알칼리성 중탄산나트륨 온천 단지다. 온천 단지를 대표하는 곳은 대중 온천탕이 있는 아산온천탕, 온천 물놀이 시설과 수 치료 시설을 갖춘 아산스파비스다.",충청남도
간월도관광지,,충청남도 서산시 부석면 간월도리 680,36.605751,126.417111,2000-05-04,"확 트인 천수만 경관과 모세의 바닷길을 체험할 수 있는 간월암을 방문할 수 있으며,매년 4~5월경에는 유채꽃밭을 볼 수 있음",충청남도
삽교호 관광지,충청남도 당진시 신평면 삽교천3길 79,,36.89060981,126.8244092,1983-10-10,"삽교호 관광지는 1979년 10월 26일 삽교호 방조제 준공에 따라, 1983년 관광지 지정 및 조성 계획에 의해 조성된 관광지이다. 인공 호수, 서해 바다와 접하고 있어 드넓은 호수와 바다의 정취를 함께 맛볼 수 있는 곳이다. 관광명소인 함상공원, 해양테마과학관, 바다공원, 생활체육공원, 월드아트서커스공연장, 놀이동산 등이 조성되어 누구나 보고 즐기고 먹고 체험할 수 있으며 넓은 공간에 다양한 시설이 마련되어있는 다목적 장소이자 국민 관광지이다.",충청남도
왜목마을 관광지,충청남도 당진시 석문면 왜목길 26,,37.04443421,126.5261293,2002-02-26,"왜목마을은 서해에서 유일하게 일출과 일몰 그리고 월출까지 한곳에서 모두 감상할 수 있는 관광명소이다. 해가 노적봉(남근바위)에 걸리는 11월부터 3월까지 왜목마을 일출은 마치 한 폭의 한국화처럼 아름답다. 해안이 동쪽을 향해 돌출되어있고 인근의 남양만과 아산만이 내륙으로 깊숙이 자리 잡고 있기에, 왜가리의 목처럼 안쪽으로 얇게 만입돼서 왜목마을이라는 이름이 붙여졌다. 해안선을 따라 1.2km의 수변데크가 설치되어 맨발로 편안한 해변 산책이 가능하다. 일상의 무게를 잠시 내려놓고 탁 트인 자연 속에서 바다 내음이 번지는 다양한 해산물체험도 할 수 있다.",충청남도
난지도 관광지,,충청남도 당진시 석문면 난지도리 599,37.042646,126.422393,2000-09-07,"이 섬은 난초와 지초가 많이 자란다고 하여서 난지섬으로 이름 붙여졌다. 난지섬은 바닷가 모래사장이 발달되어 있고 수심도 완만하여 해수욕장으로써 안성맞춤이다. 더불어 해양레포츠에 최적의 자연환경을 제공한다. 30분가량의 뱃길로 연결되는 이곳은 조용한 섬마을의 가족여행지로도 제격이다. 해수욕과 함께 바다낚시를 즐길 수 있는 것이 이 섬의 또 다른 매력이다. 난지섬은 멸종위기 종인 가시연꽃과 해당화가 자라고 있으며, 해안에는 천연기념물 제326호로 지정된 검은머리물떼새가 서식하는 등 생태의 보고로서 자연보존 또한 잘 되어 있는 청정지역이다.",충청남도
구드래,충청남도 부여군 부여읍 백강로 135,,36.28711854,126.9048797,1969-01-21,백마강과 어울려 빼어난 경승을 이루고 조각공원을 조성하여 많은 사람들에게 휴식처 제공,충청남도
서동요,충청남도 부여군 충화면 충신로 616,,36.145203,126.8236629,2008-11-20,"백제,왕궁, 왕궁촌, 저잣거리 등 백제관련 오픈세트장 조성",충청남도
백제문화단지,충청남도 부여군 규암면 백제문로 455,,36.30506196,126.9081581,2015-01-12,국내 최초로 삼국시대 백제 왕궁을 재현. 백제시대 유적과 유물에 근거한 백제의 역사와 문화를 이해.,충청남도
칠갑산 도림온천,,충청남도 청양군 장평면 적곡리 471-8,36.389488,126.906103,1995-10-05,청정지역의 특성을 살린 전원형 온천 관광 휴양지,충청남도
남당,,충청남도 홍성군 서부면 남당리 859-2,36.539203,126.471666,2007-09-20,"대하,우럭,새조개,꽃게 등 사시사철 싱싱한 수산물을 맛볼수 있으며, 잔잔한 은빛 수면으로 석양이 아름다움",충청남도
예당관광지,,충청남도 예산군 응봉면 후사리 448-1,36.63752257,126.7989717,1986-06-28,예당저수지의 빼어난 경관을 배경으로 조성된 관광지,충청남도
덕산온천,충청남도 예산군 덕산면 온천단지2로 11,,36.69075649,126.659382,1987-06-03,"Ca, Na, SiO2가 풍부한 온천수로 피부개선에 뛰어난 효능을 지닌 온천",충청남도
엑스포과학공원,대전광역시 유성구 대덕대로 480,대전광역시 유성구 도룡동 3-1,36.37662561,127.3872011,2019-01-01,Y,대전광역시
한밭수목원,대전광역시 서구 둔산대로 169,대전광역시 서구 만년동 396,36.36646857,127.3880154,2019-01-01,Y,대전광역시
만리포해수욕장 관광지,,충청남도 태안군 소원면 모항리 1395,36.783122,126.143469,2010-05-06,"○ 만리포는 조수간만의 차가 심한 편이지만, 해변이 넓고 완만한 것이 장점이며, 뒤에는 소나무 숲이 울창함 - 주변에는 숙박시설이나 편의시설이 잘 갖추어져 있어 가족단위 휴양지로 손색이 없으며 - 또 태안팔경 중에 제1경으로 볼릴 만큼 경관이 아름답기로 유명한 곳이고 - 만리포 대표하는 특산물인 갱개미 무침과 바다 장어구이 등 싱싱한 해산물을 먹는 재미 또한 일품 ○ 만리포해수욕장 중앙로 워터스크린(물쇼, 영상쇼 등) 이 설치되어 있어 관광객들에게 볼거리를 제공 ※ 만리포 인근에 천리포수목원(7,000종)이 있음",충청남도
안면도 관광지(꽃지지구),,충청남도 태안군 안면읍 승언리 339-586,36.502545,126.335955,1991-02-22,"- 서해안의 아름다운 경관을 지닌 꽃지해수욕장 주변의 관광지로 낙조가 아름다운 지역 - 주변에 4계절 싱싱할 해물이 풍부, 매년 2 ~ 3 백만명이 관광객이 방문하고 있음 - 1991년에 관광지로 지정되었으나 민간 투자자가 나타나지 않아 개발이 지연되고 있음",충청남도
서포리관광지,인천광역시 옹진군 덕적면 덕적남로606번길 3,인천광역시 옹진군 덕적면 서포리 229-23,37.2232919,126.1169337,1977-03-31,"100년이 넘는 노송이 울창한 숲을 이루고 있고 완만한 경사와 넓이 300m 길이 3km의 넓은 백사장은 매년 10만 명이 넘는 관광객들의 휴식처가 되고 있는 곳이다. 200여 년은 족히 됐다는 소나무 8백여 본이 심어져 있는 소나무 숲은 단체야영에 제격이다. 거기에 넓은 운동장, 바닷가 놀이터, 테니스장, 음식점, 노래방, 자전거 대여소도 있으니 웬만한 레저시설은 다 준비되어 있는 셈이다. 주변의 갯바위에서는 우럭과 놀래미가 잘 잡혀 바다 낚시를 즐기는 관광객들의 발길이 끊이지 않고 있다.",인천광역시 옹진군
실안관광지,경상남도 사천시 노을길 138,경상남도 사천시 실안동 1245-1,34.94398447,128.0399764,2000-06-26,전통 물고기 잡이 죽방렴과 전국에서 빼어난 노을을 관망할 수 있음.,경상남도 사천시
산토끼노래동산,경상남도 창녕군 이방면 이방로 623,,35.57668393,128.3861886,2013-11-15,"국민 동요 ‘산토끼’의 유래지역인 창녕군 이방면에 어른들에게는 어린 시절의 추억을 떠올리고, 어린이들에게는 생생한 체험학습의 장을 마련하고자 조성된 어린이 및 가족단위의 생태체험 여행관광지이다",경상남도 창녕군
장계관광지,충청북도 옥천군 안내면 장계1길 57-1,충청북도 옥천군 안내면 장계리 산 7-1,36.37728877,127.6356203,1986-06-07,"아름다운 대청호반이 한눈에 내려다보이며, 향토자료 및 시문학 작품을 감상할 수 있음.",충청북도 옥천군
당항포관광지,경상남도 고성군 회화면 당항만로 1116,경상남도 고성군 회화면 봉동리 950-1,35.05322615,128.3920276,1984-06-21,"당항포관광지는 임지왜란 당시 충무공 이순신 장군의 대첩지로서 당항포해전관을 비롯한 자연사관, 자연예술원, 가족놀이시설 및 오토캠핑장, 펜션 등을 골고루 갖춘 다목적 관광지",경상남도 고성군
좌구산휴양랜드,충청북도 증평군 증평읍 솟점말길 107,충청북도 증평군 증평읍 율리 산 61-1,36.70556804,127.651161,2009-07-01,"증평의 명산 좌구산에 조성된 휴양랜드로서, 휴양림, 캠핑, 명상구름다리, 명상의 집, 줄타기체험, 사계절썰매장 등 다양한 체험시설과 아름다운 풍경을 한눈에 담을 수 있음",충청북도 증평군
좌구산 천문대,충청북도 증평군 증평읍 솟점말길 107,충청북도 증평군 증평읍 율리 산 61-1,36.70556804,127.651175,2013-09-05,356mm 굴절망원경을 갖추어 천체의 생생한 모습과 좌구산의 맑고 깨끗한 밤하늘을 관찰할 수 있음,충청북도 증평군
증평민속체험박물관,충청북도 증평군 증평읍 둔덕길 89,충청북도 증평군 증평읍 남하리 91,36.7638867,127.595556,2010-06-01,"증평의 역사와 농경문화를 엿볼 수 있는 전통문화체험요소와 다양한 전시관이 있으며, 장뜰두레놀이 등 들노래축제가 개최됨",충청북도 증평군
에듀팜특구관광단지(벨포레리조트),충청북도 증평군 도안면 벨포레길346,충청북도 증평군 도안면 연촌리 산58,36.845461,127.5837882,2019-07-01,"충청북도 유일한 관광특구단지, 중부권 최대관광단지로 다양한 액티비티 활동과 휴양시설을 갖춤",충청북도 증평군
속초해수욕장,강원도 속초시 해오름로 186(조양동),강원도 속초시 조양동 1464-7,38.19014712,128.603531,1984-07-06,"해안선 길이 약2km, 백사장 길이 약 500m이며 수심이 얕아 가족단위 관광객이 선호하는 속초시 대표 관광지이다.",강원도 속초시
척산온천,강원도 속초시 관광로 327(노학동),강원도 속초시 노학동 972-1,38.190269,128.5407013,2009-05-20,"1971년 설립된 온천장으로 지하 4,000km 심도에서 발생한 온천수를 이용하며 설악산과 근접한 위치에 자리잡고 있다.",강원도 속초시
설악한화리조트,강원도 속초시 미시령로2983번길 111(장사동),속초시 장사동 24-1번지,38.21030027,128.5287216,2010-10-08,"천연 온천수를 이용한 온천시설과 물놀이 시설을 갖춘 종합 테마파크이며, 설악 워터피아 등 다양한 부대시설은 완비하고 있다.",강원도 속초시
김해한옥체험관,경상남도 김해시 가락로93번길 40(봉황동),경상남도 김해시 봉황동 425-13,35.234399,128.8766858,2010-11-22,소박한 전통의 멋과 편리한 현대적인 편의시설을 두루 갖춘 한옥 체험관,경상남도 김해시
신륵사관광지,경기도 여주시 신륵사길 73,경기도 여주시 천송동 289-7,37.29742583,127.6599364,1978-02-11,"시원한 남한강을 따라 자전거도로, 각종 체육시설과 여주박물관, 도자세상, 농특산물 판매장이 있으며, 매년 여주도자기축제와 오곡나루축제가 이곳에서 개최되고 있다. 특히 남한강을 가르는 황포돛배(Yellow Sail boat)와 수상레저를 즐길 수 있는 가족 연인들의 나들이 공간이다",경기도 여주시
오월드,대전광역시 중구 사정공원로 70,대전광역시 중구 사정동 142,36.28749807,127.3985061,2019-01-01,Y,대전광역시
뿌리공원,대전광역시 중구 뿌리공원로 79,대전광역시 중구 침산동 364,36.28537962,127.3882993,2019-01-01,Y,대전광역시
장태산휴양림,대전광역시 서구 장안로 461,대전광역시 서구 장안동 259,36.21596913,127.3412778,2019-01-01,Y,대전광역시
대전둘레산길,대전광역시 중구 보문산공원로 440,대전광역시 중구 대사동 195-2,36.30879672,127.4231236,2019-01-01,Y,대전광역시
동춘당,대전광역시 대덕구 동춘당로 80,대전광역시 대덕구 송촌동 192,36.36537889,127.4412933,2019-01-01,Y,대전광역시
대전문화예술단지,대전광역시 서구 둔산대로 169,대전광역시 서구 만년동 396,36.366496,127.3880154,2019-01-01,Y,대전광역시
으능정이문화의거리,대전광역시 중구 중앙로 170,대전광역시 중구 은행동 45-10,36.32934665,127.428337,2019-01-01,Y,대전광역시
유성온천,대전광역시 유성구 계룡로60,대전광역시 유성구 봉명동 574,36.3547298,127.3375865,2019-01-01,Y,대전광역시
보문관광단지,경상북도 경주시 보문로 446,경상북도 경주시 신평동 375-7,35.843673,129.2869659,1975-04-04,"사계절 관광객이 이용할 수 있는 온천형 관광지, 우아하고 정취있는 전통적 이미지가 창출될 수 있는 내륙형 관광 휴양지",경상북도 경주시
성류굴 관광지,경상북도 울진군 근남면 성류굴로 202,경상북도 울진군 근남면 노음리 850-12,36.95884869,129.3794417,1981-01-18,성류굴 주변 관광지,경상북도 울진군
백암온천 관광지,,경상북도 울진군 온정면 소태리 1453,36.72132872,129.3434684,1987-12-31,백암산 온천수를 이용한 온천관광지,경상북도 울진군
남당,,충청남도 홍성군 서부면 남당리 859-2,36.539203,126.471666,2007-09-20,"대하, 우럭, 새조개, 꽃게 등 사시사철 싱싱한 수산물을 맛볼수 있으며, 잔잔한 은빛 수면으로 석양이 아름다움을 느낄 수 있음",충청남도 홍성군
금강하구둑관광지,충청남도 서천군 마서면 장산로 855번길 56-2,충청남도 서천군 마서면 도삼리 71-5,36.01993599,126.736726,1993-09-22,"금강을 경계로 군산과 인접하고 있으며, 철새도래지로 유려한 철새군무를 볼수 있고 먹거리가 풍부함",충청남도 서천군
춘장대,충청남도 서천군 서면 춘장대길 20,충청남도 서천군 서면 도둔리 1319,36.16334922,126.5243355,1977-04-21,국내 유일의 해송림 해수욕장으로 캠핑장과 조개잡이 체험등 다양한 즐길거리와 인근 동백정 마량항등 볼거리도 풍부,충청남도 서천군
농월정,경상남도 함양군 안의면 농월정길 9-35,경상남도 함양군 안의면 월림리 727-1,35.62464301,127.7815571,1996-04-18,"안의 삼동 중에서 화려한 자연의 미를 간직한 곳이 화림동이다. 화림동은 안의에서 전북 장수군으로 통하는 국도 26호선을 따라 약 4km를 가면 굽이치는 물가에 아담한 마을하나를 발견할 수 있는데, 이 곳이 화림동의 정수 ''''''''농월정''''''''이 있는 곳이다. 화림동은 남덕유산에서 발원하는 금천이 굽이치며 흘러 팔담팔정을 이루었다. 그래서, 옛부터 화림동을 정자문화의 보고라 한다. 지금도 농월정을 비롯한 4개의 고풍스런 정자가 남아 있다. 특히 농월정은 달을 희롱하며 논다는 옛날 우리 선조들의 풍류사상이 깃든 곳, 함양을 찾은 많은 시인과 묵객들이 필히 거쳐간 곳이다. 이 곳 녹수를 사이에 둔 양쪽 산기슭의 송림은 거문고 현을 퉁기는 듯하며, 길게 늘어선 수양버들은 천줄기의 실로 낚시질을 하는 듯 보인다. 맑은 물이 급한 굴곡을 이루는 곳에 커다란 반석이 펼쳐져 있다. 반석위를 흐르는 물이 달빛을 받아 금물결을 이루는 이 곳에 세워진 고색창연한 농월정은 이름 그대로 달을 희롱하고 있는 듯하다. 크기를 짐작할 수 없을 정도로 거대한 월연암이라 이름 붙은 너럭바위 위로 미끄럼타듯 물살이 세차게 흐르고, 물길따라 골이 깊게 패였다. 월연의 맑은 물에서 물장구치며 노는 개구쟁이들의 모습과 아름다운 풍경은 한 폭의 동양화가 되어 지나는 행인의 발걸음을 멈추게 한다.",경상남도 함양군
달성토성마을,대구광역시 서구 국채보상로 83길 21 (비산동) 일대,대구광역시 서구 비산동 404-5,35.87331589,128.5753737,2015-06-01,집안에 있는 화분을 골목으로 꺼내놓으며 시작된 골목정원,대구광역시 서구
김해가야테마파크,경상남도 김해시 가야테마길 161,경상남도 김해시 어방동 986,35.25163556,128.8937475,2015-05-21,"가야의 역사를 놀이, 체험, 전시를 통해 보고 듣고 느낄 수 있는 오감 체험형 테마파크",경상남도 김해시
김해낙동강레일파크,경상남도 김해시 생림면 마사로473번길 41,경상남도 김해시 생림면 마사리 654-4,35.3717762,128.8208367,2016-04-22,"밀양시 삼랑진역과 광주시 광주송정역을 잇는 경전선으로 레일바이크, 와인동굴, 열차카페, 철교 전망대를 조성",경상남도 김해시
가야랜드,경상남도 김해시 인제로 368(삼방동),경상남도 김해시 삼방동 1391-2,35.25817159,128.9024342,1991-10-05,가야테마파크 건너편에 자리한 어드벤처 놀이동산,경상남도 김해시
김해천문대,경상남도 김해시 가야테마길 254(어방동),경상남도 김해시 어방동 산2-80,35.253073,128.8872988,2002-02-01,밀레니엄 기념사업의 일환으로 2002년 2월 1일 개관한 영남지역 유일의 시민 천문대,경상남도 김해시
롯데워터파크,경상남도 김해시 장유로 555(신문동),경상남도 김해시 신문동 1417,35.1789098,128.8285585,2014-05-01,남태평양 폴리네시아를 콘셉트로 2만여 명을 동시에 수용할 수 있는 국내 최대 규모의 워터파크,경상남도 김해시
클레이아크,경상남도 김해시 진례면 진례로 275-51,경상남도 김해시 진례면 송정리 358,35.2508655,128.744756,2006-03-24,세계 최초의 건축도자 전문 미술관,경상남도 김해시
국립김해박물관,경상남도 김해시 가야의길 190(구산동),경상남도 김해시 구산동 232,35.24352988,128.8725865,1998-07-29,고대국가 중 하나인 가야의 문화유산을 집대성하기 위해 1998년 7월 29일 개관한 박물관,경상남도 김해시
노무현대통령생가,경상남도 김해시 진영읍 봉하로129,경상남도 김해시 진영읍 본산리 36,35.31448928,128.7712131,2009-09-01,"故 노무현 대통령이 1946년 9월 1일 태어나 8살까지 살았던 집, 전통적인 초가집 형태로 본채에 방 2칸과 부엌, 아래채에 헛간과 옛날식 화장실이 있다",경상남도 김해시
수로왕릉,경상남도 김해시 가락로93번길 26(서상동),경상남도 김해시 서상동 312,35.23487899,128.8772073,1963-01-21,가락국의 시조인 김수로왕의 릉으로 김해의 상징적인 문화유적이다,경상남도 김해시
부경동물원,경상남도 김해시 유하로226번길 70,경상남도 김해시 유하동 88,35.22032397,128.8197967,2013-09-27,다양한 동물들을 보고 만질 수 있는 동물원,경상남도 김해시
구드래관광지,,충청남도 부여군 부여읍 구교리 17-4,36.287127,126.9068121,1969-01-21,백마강과 함께 가족단위 공원 심터 및 생활체육을 즐길수 있는 웰빙관광지,충청남도 부여군
서동요역사관광지,충청남도 부여군 충화면 충신로 618,충청남도 부여군 충화면 가화리 313,36.14595066,126.8248481,2008-11-20,역사문화환경을 구축하여 부여 대표 관광명소,충청남도 부여군
백제문화관광단지,충청남도 부여군 규암면 백제문로 400,충청남도 부여군 규암면 합정리 578,36.30386649,126.9007711,2015-01-12,"고유의 교육적 가치 제고 및 관광, 지역경제 활성화를 위한 슈요자 중심의 체류형 종합 관광단지",충청남도 부여군
탑산약수온천,경상북도 의성군 봉양면 도리원2길 88-42,경상북도 의성군 봉양면 구산리 1635,36.30349354,128.5890149,1997-12-31,몸에 기를 넣어 건강을 증진시키는 유기 게르마늄 성분이 들어있는 세계 최고 게르마늄 함유 온천,경상북도 의성군
문경새재 도립공원,경상북도 문경시 문경읍 새재로 932,,36.76160207,128.0769905,1981-06-04,"문경새재는 새도 날아서 넘기 힘든 고개라는 뜻으로, 조령(鳥嶺)이라고도 한다. 풀이 우거진 고개[草岾] 또는 하늘재와 이우리재[伊火峴] 사이에 있는 고개라는 뜻에서 ''''''''''''''''새재''''''''''''''''로 했다는 설과 새로[新] 생긴 고개라는 뜻에서 ''''''''''''''''새재''''''''''''''''로 지었다는 설도 전해진다.1966년 문경관문이 사적 147호로 지정된 뒤, 1974년에는 주흘산(1,106m)과 조령관문 일원이 경상북도지방기념물 18호로 지정되었다. 1979년 경상북도 제1호 국민관광지, 1982년 문화재보호구역으로 각각 지정되었다. 1997년 문경새재박물관을 개관한 데 이어, 2000년과 2002년에 각각 KBS 촬영장과 문경새재 야외공연장을 개장하였다.",경상북도 문경시
문경 에코랄라(석탄박물관 포함),경상북도 문경시 가은읍 왕능길 112,,36.65296071,128.0617154,2018-10-02,백두대간 생태자원이라는 핵심 콘텐츠와 친환경 녹색문화의 중심 문경에서 영상문화 콘텐츠를 결합한 생태 녹색 에너지환경 테마의 휴양문화공간으로 조성되어 모든 연령층이 함께 즐길 수 있는 문화 콘텐츠 테마파크,경상북도 문경시
문경 철로자전거(진남역),,경상북도 문경시 마성면 신현리 126-1,36.6546769,128.1263292,2005-03-28,"전국 최초의 철로자전거, 영화의 촬영지로 쓰여도 좋을 만큼 예쁜 진남역을 출발해 진남교반의 절경을 감상하며 불정역까지 갔다가 돌아오는 코스",경상북도 문경시
문경 철로자전거(구랑리역),경상북도 문경시 마성면 구랑로 20,,36.66102501,128.0993075,2013-09-10,진남역을 출발해 야생화를 감상하며 달리다 어두운 터널을 통과하는 독특한 체험을 할 수 있는 구랑리역 코스,경상북도 문경시
문경 철로자전거(가은역),경상북도 문경시 가은읍 대야로 2445,,36.64931827,128.0607306,2014-02-26,석탄박물관에서 가까운 가은역에서 출발해 구랑리역까지 갔다가 돌아오는 코스,경상북도 문경시
문경 오미자테마터널,,경상북도 문경시 마성면 신현리 103-1,36.65989315,128.1286031,2017-06-21,"경북 8경 중 제1경으로 꼽히는 진남교반 고모산성 아래에 있는 오미자테마터널, 과거에 석탄을 실어나르던 문경선 내 석현터널을 개발함",경상북도 문경시
"고모산성, 토끼비리",,경상북도 문경시 마성면 신현리 산30-1,36.661492,128.1269726,2007-12-17,삼국시대의 성곽. 문경시 마성면 신현리 고모산(姑母山)에 있는 포곡식 산성,경상북도 문경시
문경짚라인,경상북도 문경시 불정길 174,,36.62285644,128.1367824,2009-02-17,"불정 자연휴양림 내에 위치한 짚라인, 난이도 및 코스길이가 다른 9개의 코스로 운영",경상북도 문경시
문경 종합온천,경상북도 문경시 문경읍 온천2길 24,,36.73024972,128.109397,2001-03-24,중탄산 온천수 및 알칼리성 온천수 등 신진대사를 촉진하는 2가지 온천수가 있음,경상북도 문경시
문경 활공랜드,,경상북도 문경시 문경읍 고요리 436-2,36.7362239,128.1517095,2011-05-01,문경읍(문경온천)에서 동쪽방향으로 4km쯤 떨어진 고요리 단산에 위치하며 이륙장 2개소와 착륙장 3개소를 갖추고 있음,경상북도 문경시
불정자연휴양림,경상북도 문경시 불정길 180,,36.62196418,128.1358571,1997-12-10,"불정동 마을 안쪽에 위치한 나트막한 봉우리인 수정봉 (해발 487m, 약수산)과 조봉 사이에 자리잡고 있으며 연중 인기리에 운영 중임",경상북도 문경시
을숙도 철새공원,부산광역시 사하구 낙동남로 1240(하단동),부산광역시 사하구 하단동 1207-2번지,35.10449092,128.9459791,1900-01-01,철새를 보호하는 한편 습지를 비롯한 생태보존 공원,부산광역시 사하구
화순온천,전라남도 화순군 북면 옥리길 14-7,,35.1624699,127.0837781,1984-09-24,온천휴양지,전라남도 화순군
도곡온천,전라남도 화순군 도곡면 온천2길 44,,35.02470562,126.903529,1989-10-27,온천휴양지,전라남도 화순군
운주사,전라남도 화순군 도암면 천태로 91-44,,34.92032245,126.8767649,2008-05-15,"천불천탑 사진문화관, 운주사 사찰",전라남도 화순군
공룡박물관,전라남도 해남군 황산면 공룡박물관길 234,전라남도 해남군 황산면 우항리 191,34.58908885,126.442833,2017-04-27,천연기념물 제394호,전라남도 해남군
평택호관광단지,경기도 평택시 현덕면 평택호길 48,경기도 평택시 현덕면 권관리 551-3,36.9148246,126.912951,1977-03-31,문화와 예술이 살아숨쉬는 친환경 문화관광단지,경기도 평택시
불갑사관광지,전라남도 영광군 불갑면 불갑사로 450,전라남도 영광군 불갑면 모악리 408-2,35.19967453,126.5500459,1992-02-09,유서깊은 불교문화의 역사와 수려한 자연경관를 간직한 불갑사 지구의 관광명소이며 관광수요에 능동적으로 대처할 수 있는 휴식공간 제공,전라남도 영광군
한탄강관광지,경기도 연천군 전곡읍 선사로 76,경기도 연천군 전곡읍 전곡리 696-3,38.00887564,127.05886,1977-03-31,한탄강이 내려다 보이는 천혜의 위치에 자리잡은 한탄강 관광지,경기도 연천군
계산관광지,충청북도 제천시 청풍면 계산리 9-4번지,충청북도 제천시 청풍면 계산리 9-4,37.017861,128.13091,1998-07-24,수상레저 및 수상마리나 등 수상연계관광 인프라 조성 및 비봉산모노레일 등과 연계 관광 인프라조성 목적 관광지,충청북도 제천시
만남의광장,충청북도 제천시 청풍면 청풍호로50길 6,충청북도 제천시 청풍면 교리 147,37.01083356,128.1811895,2003-02-13,청풍호반 주변 관광시설과 연계한 핵심 관광거점으로 각종 관광시설이 집중된 제천관광의 중심지,충청북도 제천시
제천 성내관광지,충청북도 제천시 금성면 청풍호로 1482,충청북도 제천시 금성면 성내리 산12-2,37.03366403,128.1751729,2004-08-27,청풍호반의 뛰어난 장소적 특성을 활용한 문화영상 테마지구로 한류와 연계 국내외 영상테마 관광지,충청북도 제천시
제천온천관광지,충청북도 제천시 수산면 내리 산24번지,충청북도 제천시 수산면 내리 산24,36.920832,128.176608,2002-01-16,"청풍호반, 월악산등과 연계한 핵심 처류거점으로 한방도시 컨셉과 연계한 한방온천장으로 조성계획 관광지",충청북도 제천시
교리관광지,충청북도 제천시 청풍면 청풍호로 1798,충청북도 제천시 청풍면 교리 225-1,37.01682316,128.1776057,1989-12-28,청풍호반 주변 관광시설과 연계한 핵심 체류 거점으로 청풍권 최고의 리조트 관광지,충청북도 제천시
구문소 관광지,강원도 태백시 동태백로11(동점동),강원도 태백시 동점동 498-123,37.0929806,129.042284,1999-11-12,"천연기념물인 구문소와 접목되어 자연환경적 특성을 부각하고 지질학습 및 화석 산출지의 탐방자원화, 체류형 관광시설 도입",강원도 태백시
금정산,부산광역시 금정구 금성동,부산광역시 금정구 산성로,35.28423411,129.0554547,1994-01-01,금정산은‘산마루에 우물이 있어 한 마리 금빛 나는 물고기가 오색구름을 타고 하늘에서 내려 와 우물 속에 놀았다’는 이야기에서 유래하여 이름 붙은 부산의 진산이다.,부산광역시 금정구
범어사,부산광역시 금정구 범어사로 250,부산광역시 금정구 청룡동 546,35.28304308,129.0676212,1966-01-01,범어사는 역사적으로 많은 고승대덕을 길러내고 선승을 배출한 수행사찰로 오랜 전통과 많은 문화재가 보존되어 있는 한국 불교계의 중심지 중 하나이다.,부산광역시 금정구
회동수원지,부산광역시 금정구 오륜대로258,부산광역시 금정구 오륜동 353-2,35.24707332,129.115753,2010-01-01,"조선시대부터 아름다운 풍경으로 유명한 회동수원지는 금정구를 대표하는 도심 속 힐링 명소이다. 땅뫼산 황토숲길, 편백나무숲, 오륜대 전망대는 일상 속 휴식처가 되어 준다.",부산광역시 금정구
서동미로시장,부산광역시 금정구 서동로141번길 16,부산광역시 금정구 서동 341-10,35.21586987,129.102466,2014-01-01,서동미로시장은 아름다운 길(美路)이라는 의미이자 골목마다 형성된 상권이 미로같다 하여 이름 붙은 문화관광형 시장이다.,부산광역시 금정구
스포원파크,부산광역시 금정구 체육공원로399번길 324,부산광역시 금정구 두구동 1641,35.28912108,129.1070434,2014-01-01,스포원파크는 기존의 경기장과는 달리 ‘공원’과 ‘개방’의 개념을 도입한 ‘공원형 경기장’으로서 쾌적한 환경여건을 가지고 있어 건강과 휴식을 위한 명소로 사랑받고 있다.,부산광역시 금정구
가산수피아,경상북도 칠곡군 가산면 학하들안2길 105,,36.086109,128.485044,2020-06-16,2019년 4월에 개장한 국내최대 민간정원,경상북도 칠곡군
한국이슬람부산성원,부산광역시 금정구 금단로 113-13,부산광역시 금정구 남산동 30-1,35.25998626,129.0922564,1980-09-30,"부산의 유일한 한국이슬람 부산성원은 이슬람 신자들에게는 네트워킹 장이자 쉼터로, 지역민들에게는 이슬람 문화를 체험하고 강연을 접할 수 있는 장소로 자리 잡고 있다.",부산광역시 금정구
요산문학관,부산광역시 금정구 팔송로 60-6,부산광역시 금정구 남산동 662,35.27236562,129.085732,2006-11-01,일제강점기의 잔인했던 시절 속 궁핍한 현실을 작품에 담은 요산 김정한 선생의 문학 정신과 삶을 기리는 문학관은 요산 선생의 생가와 연접해 그의 숨결을 더욱 깊이 느낄 수 있다.,부산광역시 금정구
오륜대한국순교자박물관,부산광역시 금정구 오륜대로 106-1,부산광역시 금정구 부곡동 1-4,35.24610679,129.1015136,1982-09-25,한국 가톨릭 순교자들의 신념을 기억하기 위해 건립된 오륜대한국순교자박물관에는 한국 순교자들의 유물뿐만 아니라 역사적 의미가 있는 자료들도 함께 전시·보존하여 더욱 의미가 있다.,부산광역시 금정구
부산대젊음의거리,부산광역시 금정구 장전온천천로 51,부산광역시 금정구 장전동 643-117,35.229587,129.0888177,2004-01-01,"청춘들의 꿈, 열정, 자유가 넘치는 부산대 젊음의 거리는 색다른 문화공연과 프리마켓 등 다양한 행사가 날마다 이어진다. 골목골목 위치한 상점에서 청춘의 열기를 느낄 수 있다.",부산광역시 금정구
금정산성마을,부산광역시 금정구 산성로 452,부산광역시 금정구 금성동 554-3,35.250339,129.0561338,1994-01-01,금정산성마을은 금정산 해발 400m의 분지에 아담히 자리잡은 산성마을로 금정산 능선이 병풍처럼 둘러싸고 있는 아름다운 자연환경을 갖추고 있어 휴일이면 이곳을 찾는 등산객들의 발길이 끊이지 않는다.,부산광역시 금정구
부평아트센터,인천광역시 부평구 아트센터로 166,인천광역시 부평구 십정동 186-22,37.4822383,126.7049334,2015-05-06,"뮤지컬, 음악회, 전시회 등",인천광역시 부평구
기후변화체험관,인천광역시 부평구 장제로 267,인천광역시 부평구 갈산동 403,37.50932668,126.7307645,2017-02-20,생태교육프로그램 체험,인천광역시 부평구
부평역사박물관,인천광역시 부평구 굴포로 151,인천광역시 부평구 삼산동 451-1,37.51214216,126.7379081,2013-03-13,부평 역사관련 전시물 관람,인천광역시 부평구
부평안전체험관,인천광역시 부평구 굴포로 110,인천광역시 부평구 삼산동 441-6,37.51098789,126.7333177,2017-02-20,재난상황 시뮬레이션 체험,인천광역시 부평구
인천나비공원,인천광역시 부평구 평천로 26-47,인천광역시 부평구 청천동 68-12,37.52026697,126.6927245,2017-02-20,살아있는 나비 등 관람,인천광역시 부평구
용대관광지,강원도 인제군 북면 십이선녀탕길 16,강원도 인제군 북면 용대리 1795,38.1855916,128.3061568,1996-06-01,"설악산국립공원의 내설악지역에 위치하고 있으며 십이선녀탕, 만해마을, 백담사, 황태덕장, 하천 등이 관광지 주변이 있음",강원도 인제군
방동관광지,강원도 인제군 기린면 방동약수로 89-59,강원도 인제군 기린면 방동리 34-5,37.94387136,128.3962628,2008-06-01,기린면 방동지역에 위치하고 있음,강원도 인제군
오토테마파크,강원도 인제군 기린면 상하답로 130,강원도 인제군 기린면 북리 516,38.00090409,128.2951411,2014-06-01,"우리나라 최초의 자동차테마파크이며, 국제규격의 자동차경주와 4성급 호텔과 콘도미니엄이 설치되어 있음",강원도 인제군
천지연폭포,제주특별자치도 서귀포시 남성중로 2-15(서홍동),제주특별자치도 서귀포시 서홍동 666-1,33.2447447,126.5596704,1972-03-23,하늘과 땅이 만나는 곳의 연못이라는 뜻의 천지연은 난대식물지대로서 계곡전체가 천연보호구역으로 지정되어 있어 주변 경관이 수려함. 조명시설이 되어있어 오후 10시까지 야간 관람 가능함.(천연기념물 제163호 담팔수 자생지. 제379호 천지연 난대림. 제27호 무태장어 서식지),제주특별자치도 서귀포시
정방폭포,제주특별자치도 서귀포시 칠십리로214번길 37(동홍동),제주특별자치도 서귀포시 동홍동 278,33.24474912,126.5730486,1972-05-02,높이 23m. 너비 8m. 깊이 5m에 달하는 동양 유일의 해안폭포로서 폭포수가 바다로 직접 떨어지는 경관을 관람할 수 있음(명승 제43호),제주특별자치도 서귀포시
중문대포주상절리대,제주특별자치도 서귀포시 이어도로 36-30(중문동),제주특별자치도 서귀포시 중문동 2768-1,33.23799399,126.4260174,2005-08-01,주상절리는 주로 현무암질 용암류에 형성되는 수직절리를 말함. 중문·대포해안 주상절리대는 높이가 30~40m. 폭이 약 1km 정도로 우리나라 최대 규모로 육모꼴의 기둥이 병풍처럼 둘러쳐져 있어 자연의 신비를 만끽할 수 있음.(천연기념물 제 443호. 제주도지질공원),제주특별자치도 서귀포시
천제연폭포,제주특별자치도 서귀포시 천제연로 132(중문동),제주특별자치도 서귀포시 중문동 2232,33.2526783,126.4183754,1972-03-23,한라산에서 시작된 중문천이 바다로 흐르면서 형성된 폭포. 3개의 폭포로 나뉘어 지는데 주상절리 절벽에서 천제연(못)으로 떨어지는 1폭포. 천제연 물이 더 아래로 흐르면서 형성된 2. 3폭포가 있음. 옥황상제를 모시는 칠선녀가 목욕을 하다 간다는 전설이 있을만큼 빼어난 경관을 자랑함(천연기념물 제378호 천제연 난대림),제주특별자치도 서귀포시
산방산,제주특별자치도 서귀포시 안덕면 산방로 218-11,제주특별자치도 서귀포시 안덕면 사계리 184,33.23697818,126.3124635,1972-03-22,높이 395m의 거대한 종 모양의 화산체로서 설문대할망이 한라산 꼭대기를 뽑아 던져 놓았다는 전설이 있음. 해발고도 200m에 산방굴이라는 해식동굴이 있음. (명승 제77호. 천연기념물 제376호. 제주도지질공원),제주특별자치도 서귀포시
용머리해안,제주특별자치도 서귀포시 안덕면 사계리 112-3,제주특별자치도 서귀포시 안덕면 사계리 112-3,33.2328654,126.3118689,1986-09-01,마치 바다속으로 들어가는 용의 머리를 닮았다 해서 용머리해안으로 불림. 수천만년 동안 층층이 쌓인 사암층 암벽이 파도에 깎여 기묘한 절벽을 이루고 있음. (천연기념물 제526호. 제주도지질공원),제주특별자치도 서귀포시
감귤박물관,제주특별자치도 서귀포시 효돈순환로 441(신효동),제주특별자치도 서귀포시 신효동 1200-6,33.27129328,126.6070088,2005-02-25,제주감귤의 역사와 문화. 산업현장을 의미있는 관점에서 전시한 박물관으로. 감귤 관련 전시물과 다양한 감귤 품종 및 이국의 식물을 관람할 수 있음. 또한 감귤과 관련한 다양한 체험 프로그램도 준비되어 있으며. 최근 개장한 감귤카페 꿈나다에서 주변 경치를 구경하며 맛있는 감귤 음료. 디저트를 저렴한 가격에 즐길 수 있음.,제주특별자치도 서귀포시
회산백련지,전라남도 무안군 일로읍 백련로 333,전라남도 무안군 일로읍 복룡리 150,34.86008849,126.5298962,2004-01-06,"동양 최대의 백련서식지, 수상유리온실, 수생식물생태관, 생태탐방로, 야외물놀이장, 오토캠핑장 등 다양한 시설을 갖추고 있어 체험과 관광을 동시에 즐길수 있음",전라남도 무안군
은파관광지,전라북도 군산시 은파순환길9 (나운동),전라북도 군산시 나운동 1223-5,35.95536227,126.6890748,2020-07-10,봄철이 되면 화사한 벚꽃길로 유명하여 시민들의 사랑을 받고 있다.,전라북도 군산시
금강호관광지,전라북도 군산시 성산면 철새로 120,전라북도 군산시 성산면 성덕리 411-1,36.01988,126.7653058,2020-07-10,국내 최대 철새도래지로서 자연과 문화가 어우러지는 사계절 관광지로 거듭나고 있음,전라북도 군산시
옥계해변관광지,강원도 강릉시 옥계면 금진리 799-16일원,강원도 강릉시 옥계면 금진리 799-16일원,37.627622,129.047977,1980-05-28,옥계해변관광지,강원도 강릉시
주문진해변관광지,강원도 강릉시 주문진읍 향호리 8-22일원,강원도 강릉시 주문진읍 향호리 8-22일원,37.911352,128.815606,1984-07-06,주문진해변관광지,강원도 강릉시
연곡해변관광지,강원도 강릉시 연곡면 동덕리 99-13일원,강원도 강릉시 연곡면 동덕리 99-13일원,37.858992,128.851409,1986-03-12,연곡해변관광지,강원도 강릉시
등명해변관광지,강원도 강릉시 강동면 정동진리 440-41일원,강원도 강릉시 강동면 정동진리 440-41일원,37.702604,129.010324,1997-08-02,등명해변관광지,강원도 강릉시
대관령어흘리관광지,강원도 강릉시 성산면 어흘리 508일원,강원도 강릉시 성산면 어흘리 508일원,37.719113,128.793989,2014-12-26,성산면 대관령 어흘리 관광지,강원도 강릉시
자갈치시장,부산광역시 중구 자갈치해안로 52,부산광역시 중구 남포동4가 37-1,35.09661444,129.0305818,1900-01-01,부산의 대표적 명소이자 신선한 활어와 선어를 저렴하게 살 수있는 한국 최대의 전통 수산물시장,부산광역시 중구
40계단테마거리,부산광역시 중구 대청로135번길 13,부산광역시 중구 중앙동4가 38-1,35.10397225,129.0346287,1900-01-01,"40계단을 중심으로 조성된 테마거리로 뻥튀기 아저씨,  물동이 진 아이 등의 조형물이 꾸며져있다.",부산광역시 중구
BIFF광장,부산광역시 중구 비프광장로 36,부산광역시 중구 남포동5가 18-1,35.09862035,129.0287588,1900-01-01,세계적 영화제로 발돋움한 부산국제영화제의 태동지,부산광역시 중구
영도대교,부산광역시 중구 태종로 8,부산광역시 중구 남포동1가 33-9,35.09725344,129.035681,1900-01-01,"영도대교는 일제 강점기 시절 영도와 부산항 사이의 원활한 왕래를 위해 1934년 11월에 준공된 동양최조의 교량이자 국내 유일의 연륙교로써의 역사적인 의미를 지니고 있으며, 한국 전쟁 당시 헤어진 가족들의 기약 없는 이별의 종착지이자 이산가족들에겐 삶의 애환이 서려있는 장소이다.",부산광역시 중구
보수동책방골목,부산광역시 중구 대청로 57-1,부산광역시 중구 보수동1가 124-15,35.10323904,129.0263248,1900-01-01,"보수동 책방골목은 국제시장 입구 대청로 사거리 건너 보수동쪽으로 난 사선 방향의 좁은 골목길에 집결된 책방을 말한다. 8.15광복 직후 오늘날의 국제시장이 태평양전쟁으로 주택가가 철거되어 빈터로 놓여 있을 때 일본인이 남기고 간 책을 난전을 벌여 팔았는데, 그 장소가 개인소유가 되자, 보수동 앞길로 책장사들이 한 두 사람 자리를 옮겨 앉게 되면서부터 오늘의 골목이 형성되는 바탕이 되었다.",부산광역시 중구
용두산공원,부산광역시 중구 용두산길 37-55,부산광역시 중구 광복동2가 1-2,35.1009305,129.0324434,1900-01-01,"부산의 역사가 살아 숨쉬고 있는 대표적 관광명소로서 부산의 상진인 120m 높이의 부산타워, 부산 시민의 종, 충무공 이순신 동상, 미술전시관 등이 조화롭게 조성되어 있다.",부산광역시 중구
광복로,부산광역시 중구 광복중앙로 1,부산광역시 중구 창선동1가 44,35.09947039,129.0311659,1900-01-01,"패션·쇼핑거리로 중앙에는 21세기 도약의 이미지를 상징하는 `비상 2000` 조형물이 설치되어 있다. 매년 광복로 문화축제를 개최하는 볼거리, 즐길거리가 풍성한 문화예술의 거리이다.",부산광역시 중구
부산영화체험박물관,부산광역시 중구 대청로126번길 12,부산광역시 중구 동광동3가 41-4,35.10169342,129.033594,1900-01-01,"부산영화체험박물관은 대한민국을 대표하는 영화체험 복합문화공간입니다. 전국 최초의 영화관련 전문전시체험시설로 지상지상 4층, 지하 3층으로 구성된 본 체험박물관은 영화의 원리를 이해하고 제작의 즐거움을 체험할 수 있는 다양한 전시시설 및 영화의 과거와 미래를 연결하는 하이테크 시네마를 갖추고 있습니다.",부산광역시 중구
세계무술공원,충청북도 충주시 남한강로 24,충청북도 충주시 금릉동 601,36.98782919,127.9055691,1989-08-22,무술의 메카 충주를 대내외에 알리고 충주호 권역의 관광거점 기능을 담당하는 테마관광지 조성,충청북도 충주시
충주호체험,충청북도 충주시 중앙탑면 중앙탑길 150,충청북도 충주시 중앙탑면 탑평리 545-1,37.02308256,127.8619229,2004-08-13,역사 문화와 수변공간이 어우러지는 체험관광지 조성 / 수변의 위락시설과 생태환경의 조화로 체험가능한 수변 휴식 학습공간 조성 /수상레저활성화를 위한 국제수변레포츠단지 조성,충청북도 충주시
능암온천,충청북도 충주시 앙성면 새바지길 37,충청북도 충주시 앙성면 능암리 14-1,37.09370046,127.802172,1989-12-14,중원 유적과 충주호반 관광 등 주변 관광자원과 중부권 유일의 탄산온천 자원을 연계한 종합 온천휴양 관광지 조성,충청북도 충주시
충온온천,충청북도 충주시 앙성면 산전장수1길 103,충청북도 충주시 앙성면 돈산리 13-1,37.10173095,127.7962316,1989-12-14,중원 유적과 충주호반 관광 등 주변 관광자원과 중부권 유일의 탄산온천 자원을 연계한 종합 온천휴양 관광지 조성,충청북도 충주시
해인사,경상남도 합천군 가야면 해인사길 122,경상남도 합천군 가야면 치인리 10,35.801504,128.0976255,2020-07-07,합천 대표 관광지이자 한국관광공사가 선정한 한국관광100선에 4회 연속 선정된 역사 그대로의 유산,경상남도 합천군
대장경테마파크,경상남도 합천군 가야면 가야산로 1160,경상남도 합천군 가야면 야천리 943,35.76749785,128.1365362,2020-07-07,해인사 팔만대장경을 비롯한 각종 기록의 문화를 총집합 해놓은 복합테마파크,경상남도 합천군
오도산 자연휴양림,경상남도 봉산면 오도산휴양로 398,경상남도 합천군 봉산면 압곡리 산150,35.67233319,128.0553007,2020-07-07,웰니스 관광지로 선정된 대표 힐링 관광지,경상남도 합천군
합천박물관,경상남도 합천군 쌍책면 황강옥전로 1558,경상남도 합천군 쌍책면 성산리 504,35.58042271,128.2829423,2020-07-07,합천의 살아숨쉬는 역사와 문화가 담긴 관광지,경상남도 합천군
황매산군립공원,경상남도 합천군 가회면 황매산공원길 4,경상남도 합천군 가회면 둔내리 1319,35.48184913,128.0037495,2020-07-07,사계절 색이 바뀌는 도화지로 풍경이 일품인 대표관광지,경상남도 합천군
영상테마파크&청와대세트장,경상남도 합천군 용주면 합천호수로 757,경상남도 합천군 용주면 가호리 418,35.54877253,128.0728984,2020-07-07,"국내 최대 영화, 드라마세트장으로 많은 프로그램이 촬영한 장소",경상남도 합천군
합천댐 물문화관,경상남도 합천군 대병면 합천호수로 197,경상남도 합천군 대병면 회양리 1603-1,35.531585,128.0295197,2020-07-07,합천댐을 지키며 수려한 경관을 자랑하는 곳,경상남도 합천군
황계폭포,경상남도 합천군 용주면 황계2길 30,경상남도 합천군 용주면 황계리 산156,35.51135706,128.071173,2020-07-07,떨어지는 폭포소리와 그 풍경이 예술인 자연의 신비,경상남도 합천군
노을이물드는언덕,,경상남도 거제시 사등면 창호리 1475,34.954418,128.519516,2012-12-01,푸른 빛 바다와 붉은 노을이 어우러져 아름다운 풍경을 자아내는 곳,경상남도 거제시
정양레포츠공원,경상남도 합천군 대양면 동부로 39-13,경상남도 합천군 대양면 정양리 101-18,35.55690191,128.1668052,2020-07-07,남녀노소 즐길거리가 다양한 여름 대표 휴가지,경상남도 합천군
정양늪생태공원,경상남도 합천군 대양면 대야로 730,경상남도 합천군 대양면 정양리 146,35.55322772,128.162786,2020-07-07,자연을 직접 느끼고 경험할 수 있는 생태관광지,경상남도 합천군
해인사 소리길,경상남도 합천군 가야면 가야산로 1160,경상남도 합천군 가야면 구원리 산9-5,35.76749785,128.1365362,2020-07-07,"트래킹코스로 사랑받고, 다양한 꽃길을 보유한 소리길",경상남도 합천군
청도박물관,경상북도 청도군 이서면 이서로 567,경상북도 청도군 이서면 양원리 129-5,35.6942561,128.6865383,2013-12-14,폐교를 새단장하여 만든 청도 최초의 종합박물관,경상북도 청도군
한국코미디타운,경상북도 청도군 이서면 이서로 565,경상북도 청도군 이서면 양원리 91-3,35.69358881,128.6863121,2017-01-11,직접 원맨쇼를 하고 몸 개그를 하는 등 코미디를 오감으로 체험함으로써 우리 민족의 정서 속에 흐르는 웃음 유전자를 발견 할 수 있는 ‘대한민국 유일의 코미디 체험관’입니다.,경상북도 청도군
소싸움테마파크,경상북도 청도군 화양읍 남성현로 346,경상북도 청도군 화양읍 삼신리 1059-1,35.68529236,128.724138,2012-04-18,"소와 소싸움의 유래에서부터 전해져온 전승과 역사를 다양한 그래픽 패널과 모형으로 소싸움에 대한 관람객의 이해를  돕기 위해 전시관, 영상관, 기획전시실 등 소와 함께하는 다양한 체험시설이 있다.",경상북도 청도군
청도레일바이크,경상북도 청도군 청도읍 하지길 46-51,경상북도 청도군 청도읍 신도리 48-2,35.58811543,128.7661723,2016-07-01,청도천변을 따라 폐선된 옛 첫길을 테마로 조성,경상북도 청도군
청도자전거공원,,경상북도 청도군 청도읍 유호리 39-15,35.58765883,128.7653536,2017-05-31,"군내 최대 규모의 자전거공원이다. 산악자전거 체험코스(MTB알파인코스)와 MTB스킬센터, MTB지원센터 등도 마련",경상북도 청도군
청도신화랑풍류마을,경상북도 청도군 운문면 운문로 2455,경상북도 청도군 운문면 방지리 89,35.71807519,128.9223074,2012-07-23,화랑의 세속오계 정신을 연출한 체험형 복합관광단지,경상북도 청도군
새마을운동발상지기념공원,경상북도 청도군 청도읍 새마을1길 34,경상북도 청도군 청도읍 신도리 18-2,35.60019163,128.7661495,2019-04-14,"6070년대 생활상 전시, 체험 및 교육",경상북도 청도군
덕산온천관광단지,충청남도 예산군 덕산면 온천단지2로 11,,36.69075649,126.659328,1981-09-22,"1917년 처음으로 탕을 이용한 온천으로 개장됐으며, 49도씨 이상의 천연중탄산나트륨 온천수로 전국 최고의 온천수로 인정받고 있다.",충청남도 예산군
청도소싸움경기장,경상북도 청도군 화양읍 남성현로 348,경상북도 청도군 화양읍 삼신리 693-2,35.68673395,128.7251463,2011-09-03,전통민속문화인 청도 소싸움을 문화관광상품으로 개발,경상북도 청도군
와인터널,경상북도 청도군 화양읍 송금길 100,경상북도 청도군 화양읍 송금리 산121,35.71513567,128.7205341,2005-05-23,용도없이 방치되어온 터널을 정비하여 감와인 숙성저장고와 와인카페로 사용,경상북도 청도군
프로방스 포토랜드,경상북도 청도군 화양읍 이슬미로 272-20,경상북도 청도군 화양읍 삼신리 877,35.68355077,128.7188703,2012-01-01,프랑스의 정감 있는 프로방스마을을 빛 축제로 승화,경상북도 청도군
무이예술관,강원도 평창군 봉평면 사리평길 233,강원도 평창군 봉평면 무이리 58,37.61527594,128.348787,2013-01-09,"폐교로 남겨진 무이초등학교에 예술의 꽃이 활짝 폈다. 폐교를 복원해 조성한 예술인촌 평창무이예술관은 그 자체로 아름다운 볼거리가 되었다. 현재 이곳에서는 서양화가 정연서, 조각가 오상욱, 도예가 권순범, 서예가 이천섭 등의 예술가들이 활발히 창작활동을 하고 있는 곳이다. 평창무이예술관을 찾으면 작가들의 작품활동 장면을 직접 볼 수 있고, 다양한 체험프로그램에도 참여할 수 있다. 넓은 운동장은 야외조각공원으로 꾸며져 대형조각품들이 전시되어 있다. 예술전망대에 올라가면 그림과 같은 풍경이 펼쳐져 또 한 번의 감동을 선사한다.",강원도 평창군
백룡동굴,강원도 평창군 미탄면 문희길 63,강원도 평창군 미탄면 마하리 82,37.27786356,128.577051,2005-01-01,"백룡동굴의 입구는 해발고도 235m 지점에 있는 천연동굴로서 약 5억년 전에 생성된 것으로 보인다. 동강의 수면으로부터 약 15m 위의 지점에 위치한다. 백룡동굴은 오래 전부터 마을 주민들에게 알려져 왔으며, 동굴 입구에 온돌이 있고 그 주위에 토기조각들이 발견되는 것으로 보아 오래 전에는 우리 조상의 거처로도 사용되었던 것으로 생각된다. 또한 약 3만년 전의 것으로 추측되는 소의 대퇴부 뼈가 석순에 응고된 채 발견되어 신비로움을 더해주고 있다. 특히 굴의 주변을 감싸고 있는 백운산과 굽이쳐 흐르는 강줄기는 때묻지 않은 아름다운 자연 경관을 그대로 간직하고 있어 선경을 연상하게 해 준다.",강원도 평창군
이효석문화예술촌,강원도 평창군 봉평면 효석문학길 73-25,강원도 평창군 봉평면 창동리 544-3,37.61317426,128.3701239,2018-06-29,"이효석문화예술촌은 가산 이효석의 생애와 문학세계를 볼 수 있는 곳으로 특히 이효석문학관에는 이효석 문학전시실과 다양한 문학체험을 할 수 있는 문학교실, 학예연구실 등으로 이루어져 있다. 문학전시실은 그의 생애와 문학세계를 시간의 흐름에 따라 볼 수 있도록 구성하였으며, 재현한 창작실, 옛 봉평 장터 모형, 문학과 생애를 다룬 영상물, 어린이용 영상물 등을 통해 다양한 체험이 가능하도록 준비하였다. 또 문학교실에서는 다양한 영상물을 시청할 수 있고 문예행사도 볼 수 있으며, 학예연구실에는 이효석과 관련된 다양한 자료를 준비하여 그의 문학세계를 깊이 연구하는 공간으로 자리잡고 있으며, 문학정원에서는 자연의 아름다움과 문학의 소중함을 느낄 수 있다.또한 이효석문화예술촌에는 이효석문학관 뿐만 아니라, 사계절의 자연을 느낄 수 있는 꿈꾸는 정원과 야외광장인 나귀광장과 달빛광장이 있으며 효석달빛언덕을 한눈에 내려다 볼 수 있는 달빛나귀 전망대, 이효석의 기억과 추억을 들여다 볼 수 있는 작은 도서관, 카페, 기념품샵이 있다.",강원도 평창군
마하생태관광지,,강원도 평창군 미탄면 마하리 일원,37.2924471,128.5419693,2009-04-28,"마하리 본동 지구 및 마하리 문희마을 지구로 이루어져 있으며 백룡동굴의 생태관광 체험을 할 수 있다. 또한 주차장, 관리사무소 등 공공편익시설과 휴게음식점, 매점 등 숙박, 상가시설 및 자연학습장, 명상의 정원 등 휴양 문화시설이 함께 조성되어있다.",강원도 평창군
용평관광단지,,"강원도 평창군 대관령면 용산리, 수하리 일원",37.660871,128.666483,2001-02-21,"버치힐GC, 워터파크, 그린피아콘도, 드래곤밸리호텔 등 숙박시설 및 유원시설, 골프시설이 갖춰져 있으며, 사계절 휴양 가능한 복합 리조트이다.",강원도 평창군
알펜시아관광단지,강원도 평창군 대관령면 솔봉로 325 일원,강원도 평창군 대관령면 용산리 425 일원,37.6552224,128.681494,2005-09-23,"사계절 복합 리조트 시설을 갖추고 있음. 골프지구, 리조트빌리지지구, 스키지구, 동계올림픽지구로 구성되어 있으며 스키전망대 등 스키시설과 유원시설, 골프시설 등이 조성되어있다.",강원도 평창군
휘닉스파크관광단지,강원도 평창군 봉평면 태기로 174 일원,강원도 평창군 봉평면 면온리 1095-1 일원,37.581373,128.327331,1998-10-01,"스키, 스노우빌리지, 워터파크 등 다양한 레저시설을 갖추고 있으며 사계절 이용 가능한 복합레져휴양리조트이다. 골프장, 스키장, 유원시설 및 관광숙박시설 등 이용가능하다.",강원도 평창군
가산산성,,경상북도 칠곡군 동명면 남원리 32-78,36.021011,128.590851,2012-01-25,임진왜란과 병자호란을 겪은후 잇따른 외침에 대비하기 위해 세원진 산성,경상북도 칠곡군
가산산성야영장,경상북도 칠곡군 동명면 한티로 1034,,36.016197,128.618108,2012-01-25,자연의 정취와 팔공산 사계를 만끽할 수 있는 야영공간,경상북도 칠곡군
구상문학관,경상북도 칠곡군 왜관읍 구상길 191,,35.983943,128.394568,2012-01-25,프랑스 문인협회 선정 세계 200대 문인중인 구상 시인의 문학관을 느낄 수 있는 곳,경상북도 칠곡군
다부동전적기념관,경상북도 칠곡군 가산면 호국로 1486,,36.046443,128.518875,2012-01-25,구국의 정신과 평화의 소중함을 전하는 역사가 흐르는 기념관,경상북도 칠곡군
송정자연휴양림,경상북도 칠곡군 석적읍 반계3길 88,,36.023332,128.441641,2012-01-25,자연과 사람이 숨 쉬는 곳 도심에서 가까운 휴양림,경상북도 칠곡군
칠곡보오토캠핑장,경상북도 칠곡군 약목면 강변서로 110-43,,36.020591,128.394566,2017-02-23,산과 강이 어우러진 오토캠핑장,경상북도 칠곡군
칠곡호국평화기념관,경상북도 칠곡군 석적읍 강변대로 1580,,36.017918,128.404032,2017-02-23,낙동강 55일간의 전투를 재조명하고 다채로운 체험 통해 호국체험공간,경상북도 칠곡군
칠곡양떼목장,경상북도 칠곡군 지천면 창평로 209-42,,35.984545,128.48874,2020-06-16,양떼를 체험해볼수 있는 어린이를 위한 체험장,경상북도 칠곡군
국립칠곡숲체원,경상북도 칠곡군 석적읍 유학로 532,,36.063539,128.466183,2020-06-16,청소년 및 가족 단체를 위한 숲체험 산림교육프로그램과 산림치유프로그램 운영,경상북도 칠곡군
용마폭포공원,용마산로 250-12,면목동 산 1-4,37.573566,127.0891138,1997-05-10,동양 최대의 인공폭포가 있는 명소,서울특별시 중랑구
망우리공원,망우로 570,망우동 산 57-1,37.597527,127.115227,1933-05-27,우리나라 근현대사 주요인물들이 영면하고 계신 역사와 문화가 살아 숨 쉬는 서울의 대표 공원,서울특별시 중랑구
중랑캠핑숲,망우로87길 110,망우동 76,37.606893,127.110031,2010-11-20,학생소풍 및 가족단위 피크닉을 주제로 한 체험형 공원(캠핑장),서울특별시 중랑구
옹기테마공원,신내로21길 116,신내동 777,37.612351,127.089097,2017-03-15,다양한 전통문화 체험프로그램 참여가 가능한 옹기를 테마로 조성된 공원,서울특별시 중랑구
서산류방택천문기상과학관,충청남도 서산시 인지면 무학로 1353-4,,36.72735767,126.4131464,1900-01-01,천상열차분야지도를 제작한 충남 서산 출신 고려말 천문학자 류방택 선생의 뜻을 기려 설립된 과학관,충청남도 서산시
서산버드랜드,충청남도 서산시 부석면 천수만로 655-73,,36.62951253,126.378389,2013-11-01,"철새도래시기에는 천수만에 도래하는 철새들을 탐조투어를 통해 볼 수 있고, 특별프로그램 기간에는 각종 체험행사 등을 경험할 수 있으며, 4D 영상 등의 볼거리가 있음.",충청남도 서산시
용현자연휴양림,충청남도 서산시 운산면 마애삼존불길 339,,36.7518805,126.6076383,2000-06-12,용현계곡 한가운데 자리해 심산유곡의 경치를 자랑하는 산림휴양의 적지,충청남도 서산시
해미읍성,충청남도 서산시 해미면 남문2로 143,,36.71355717,126.5503842,1900-01-01,500년 옛모습을 잘 간직한 조선시대 석축 읍성,충청남도 서산시
수동관광지,경기도 남양주시 수동면 비룡로 1635,경기도 남양주시 수동면 내방리 254,37.75797919,127.2753596,1983-10-11,몽골문화촌,경기도 남양주시
용문산 관광지,경기도 양평군 용문면 용문산로641,,37.54529617,127.583066,1971-05-20,관광지를 품에 안고 있는 용문산의 웅장한 산세와 기암괴석이 만들어 낸 절경은 금강산을 방불케 한다.,경기도 양평군
요트올림픽동산지구,부산광역시 해운대구 APEC로 30,부산광역시 해운대구 우동 1127-56번지,35.16578338,129.1350262,1988-07-19,360여척의 요트를 계류할  수 있는 요트경기장이 있는 곳으로 요트와 보트 등이 파란 바다와 마린시티의 마천루를 배경으로 어우러져 이국적인 풍경을 자아내는 곳이다. 각종 국제대회는 물론 해양스포츠와 국제영화제를 비롯한 다양한 문화행사가 개최된다,부산광역시 해운대구
동백섬,부산광역시 해운대구 동백로 116,부산광역시 해운대구 우동 708-1번지,35.15234116,129.1513612,1988-07-19,해운대해수욕장 남쪽 끝에 위치한 동백섬은 율지와 연계된 육계도로 동백섬의 자연 그대롱를 공원으로 조성한 곳으로 2005년 APEC 정상회의 장소인 누리마루 APEC하우스가 자리해 있다.,부산광역시 해운대구
해운대해수욕장,부산광역시 해운대구 해운대해변로 264,부산광역시 해운대구 중동 1015번지,35.15910673,129.1602827,1988-07-19,6월부터 9월까지 해수욕장을 개장하여 해수욕을 즐길 수 있다. 수심이 얕고 조수의 변화가 심하지 않아 해마다 천만 명이 넘는 피서색이 찾는다. 또한 매년 해수욕장 개장에 맞춰 다양한 행사와 축제가 개최된다,부산광역시 해운대구
달맞이동산지구,부산광역시 해운대구 달맞이길 190,부산광역시 해운대구 중동 산 42-25번지,35.15768031,129.1825416,1988-07-19,"벚나무와 송림이 울창하게 들어찬 오솔길로 드라이브 코스로 유명하다. 달맞이 고개 일대에서는 다양한 예술작품을 만날 수 있고, 특히 보름날 달빛에 어우러진 바다 정취는 데이트 코스로 유명하다.",부산광역시 해운대구
괴강,충청북도 괴산군 괴산읍 충민로검승3길 10,,36.80676203,127.8252917,2000-12-27,"달천을 중심으로 괴강국민여가캥핑장 농업역사박물관, 각종 체육시설등이 조성된 관광지",충청북도 괴산군
수옥정,충청북도 괴산군 연풍면 수옥정길 174,,36.81361722,128.036232,1995-12-08,"드라마 촬영등으로 유명한 수옥폭포와 수옥정, 한여름의 더위를 식혀주는 수옥정 물놀이장과 더불어 조령산, 깃대봉 등의 명산이 어우러져 자인이 만들어 낸 천혜의 관광지",충청북도 괴산군
치산관광지,경북 영천시 신녕면 신암길 17,경북 영천시 신녕면 치산리 산255,36.047161,128.712799,1990-12-31,"수려하고 맑은물이 흐르는 치산계곡이 있어 여름철 30,000명 이상이 찾는 관광명소임",경상북도 영천시
진주성,경상남도 진주시 남강로 626(본성동),경상남도 진주시 본성동 415,35.19043229,128.0802214,1963-01-21,"8년 연속 한국관광100선에 선정된 진주의 대표적인 관광지이자 사적지이다. 진주목사 김시민 장군이 임진왜란 때 3,800여명의 적은 군사로 2만여 명의 왜군을 물리친 임진왜란 3대첩지의 하나로 다양한 유물과 유적이 성내에 있다.",경상남도 진주시
변산해수욕장,전라북도 부안군 변산면 변산로 2086,전라북도 부안군 변산면 대항리 523-117,35.67999179,126.5309105,2008-04-28,국립공원 변산반도에 위치한 노을이 아름다운 해수욕장,전라북도 부안군
진양호,경상남도 진주시 남강로1번길 96-6(판문동),경상남도 진주시 판문동 산171-1,35.17443908,128.0373881,1970-12-31,"지리산을 바라볼 수 있는 아름다운 자연 경관과 어우러진 진양호는 시원하게 탁 트인 전망 속 호반의 물안개와 황홀한 저녁노을로 많은 사랑을 받고 있다.  진양호공원, 휴게전망대, 소원계단, 동물원, 진주전통소싸움경기장, 남강댐물문화관, 어린이 교통공원, 진양호 일주도로 등의 다양한 볼거리가 있다.",경상남도 진주시
경상남도 수목원,경상남도 진주시 이반성면 수목원로 386,경상남도 진주시 이반성면 대천리 482-1,35.15719862,128.2957346,1993-04-05,"경상남도 수목원은 산림과 동식물에 대한 자연생태 종합학습교육장이다. 3,340여 종의 식물을 보유하고 있으며 테마별로 전시관과 식물원이 조성되어 있어 나들이장소와 데이트 코스로 사랑받고 있다.",경상남도 진주시
율포해수욕장,전라남도 보성군 회천면 우암길 24,전라남도 보성군 회천면 동율리 678,34.6700298,127.0890226,2005-05-12,"2012년 전국3대 우수해변, 2016년 해양수산부가 추천하는 ''''''''올 여름 바다여행지 10선''''''''에 선정된 율포솔밭해변은 폭 60m와 길이 1.2km에 이르는 은빛 모래밭에 50~60년생의 소나무들이 숲을 이뤄 운치를 더한다.  공해없는 청정해역이므로 깨끗한 바다를 즐길 수 있고 1991년 국민관광지로 지정되어 각종 편의시설이 잘 갖춰져있다. 해수녹차 휴게센터와 해수풀장, 그리고 녹차탕까지 있어 어린이를 동반한 가족단위 피서지로 많은 관광객들이 여름철에 이곳을 찾고 있다.",전라남도 보성군
녹진관광지,,전라남도 진도군 군내면 녹진리 산2-14,34.568986,126.300201,1988-12-16,명량해전의 울둘목 해역이 한눈에 보이는 역사가 숨쉬는 관광지,전라남도 진도군
회동관광지,전라남도 진도군 고군면 신비의바닷길 148,전라남도 진도군 고군면 금계리 153-1,34.42726548,126.3513474,1987-10-15,신비의바닷길이 열리는 축제명소,전라남도 진도군
아리랑마을관광지,전라남도 진도군 임회면 아리랑길 95-5,전라남도 진도군 임회면 상만리 11,34.38201529,126.2310334,2005-09-01,예술인의 멋과 정취를 느낄수 있는 아리랑마을,전라남도 진도군
명승 거창 수승대,경상남도 거창군 위천면 은하리길2,경상남도 거창군 위천면 황산리 750-3,35.761068,127.833522,1986-08-20,"거창군 위천면 황산리에 있는 영남 제일의 동천(洞天: 산천으로 둘러싸인 경치 좋은 곳)으로 알려진 ‘안의삼동(安義三洞)’ 중 하나로 원학동 계곡 한가운데 넓은 화강암 암반으로 이루어진 계곡이다. 이곳은 암반 위를 흐르는 계류와 숲이 어우러져 빼어난 자연경관을 이루고 있어 2008년에 명승 제53호로 지정[네이버 지식백과] 거창 수승대 [居昌搜勝臺] (한국민족문화대백과, 한국학중앙연구원)",경상남도 거창군
가조온천,경상남도 거창군 가조면 온천길161,경상남도 거창군 가조면 일부리 1301,35.698453,128.0229597,1992-02-11,"온천수  - 수질 : 26.5℃ / PH 9.7(국내 최고의 강 알칼리성 수질)      ▶ 류머티즘, 알레르기성 피부염 등에 탁월한 효과",경상남도 거창군
송정관광지,경상남도 남해군 미조면 미송로 483,경상남도 남해군 미조면 송정리 1129,34.7231451,128.025001,1994-10-21,"해수욕장이 넓게 분포되어 있으며, 해수욕장을 조금만 벗어나면 몽돌과 기암괴석이 뒤섞인 단애의 해안을 구경할 수 있다.",경상남도 남해군
한려수도조망케이블카,경상남도 통영시 발개로 205,경상남도 통영시 도남동 349-1,34.82665041,128.4251243,2008-04-18,"통영 미륵산에 설치된 한려수도 조망 케이블카는 한국에서 유일한 2선(bi-cable) 자동순환식 곤돌라 방식으로 스위스의 최신기술에 의해 설치되었으며, 그 길이도 1975m로 국내 일반관광객용 케이블카 중에서는 가장 길다. 특히, 그렇게 긴 길이에도 불구하고 친환경적인 설계에 의해 중간지주는 1개만 설치하여, 환경보호는 물론 탑승객에게 아주 편안한 승차감을 제공한다. 또한, 8인승 곤돌라 48대가 연속적으로 탑승객을 운송함으로써 지체 없이 탑승이 가능하며, 가까운 사람끼리 오붓하게 아름다운 한려수도의 경치를 감상할 수 있다.",경상남도 통영시
한산도 제승당,경상남도 통영시 한산면 한산일주로 70,경상남도 통영시 한산면 두억리 산39,34.79264032,128.4759648,1976-01-01,"선조26년(1593년) 이순신장군이 삼도수군통제사를 제수받고 이 곳에 진영을 설치했고, 1976년 지금의 제승당과 충무사, 한산정, 수루 등을 새로 짓고 경내를 정화하여 오늘에 이름.",경상남도 통영시
통영루지,경상남도 통영시 발개로 178,경상남도 통영시 도남동 319-3,34.82440908,128.4241617,2017-02-09,스카이라인 루지는 탑승자들이 1.5km의 트랙 위를 자유롭게 조정하며 내려올 수 있도록 특별제작된 카트로 연령에 관계없이 누구나 쉽게 배우고 즐길 수 있는 아웃도어 기구.,경상남도 통영시
오수의견관광지,전라북도 임실군 오수면 충효로 2096-16,전라북도 임실군 오수면 오수리 33 임실군문화체육센터,35.545326,127.333039,2010-01-01,경관이 수려하고 편의시설이 있음,전라북도 임실군
박경리기념관,경상남도 통영시 산양읍 산양중앙로 173,경상남도 통영시 산양읍 신전리 1429-9,34.802301,128.4035792,2010-05-05,통영이 낳은 대 소설가 박경리 선생님의 문학적 업적을 기리고 독창적이고 차별화된 문화콘텐츠를 육성하기 위해 기념관 건립함.,경상남도 통영시
해저터널,,경상남도 통영시 당동 1-3,34.83609021,128.4117029,2005-09-14,동양 최초의 바다 밑 터널,경상남도 통영시
장사도해상공원,경상남도 통영시 한산면 장사도길 55,경상남도 통영시 한산면 매죽리 산4-1,34.71373747,128.5588706,2012-01-01,바다위의 공원으로 배를 타고 입장.,경상남도 통영시
통영시립박물관,경상남도 통영시 중앙로 65,경상남도 통영시 도천동 28,34.84075153,128.4167887,2013-08-23,"통영시립박물관은 통여의 소중한 문화자산을 잘 보존, 전시하여 후대에까지 전하려고 합니다.",경상남도 통영시
삼도수군통제영,경상남도 통영시 세병로 27,경상남도 통영시 문화동 62,34.84724206,128.4232853,1998-02-20,"이충무공의 숨결이 살아있는 통제영은 삼도수군통제영의 약칭으로 삼도수군통제사가 경상,전라,충청 3도의 수군을 지휘하던 본영을 말한다. 최초의 통제영은 임진왜란 당시 초대 통제사로 제수된 이순신장군의 한산 진영이였다.",경상남도 통영시
위도해수욕장,전라북도 부안군 위도면 위도로 366,전라북도 부안군 위도면 진리 545,35.60519792,126.2847061,1992-08-22,산들이 감싸고 있는 아담한 모래사장과 맑은 물이 아름다운 위도의 해수욕장,전라북도 부안군
모항해수욕장,전라북도 부안군 변산면 모항길 23-1,전라북도 부안군 변산면 도청리 165,35.5831428,126.5082098,2000-11-30,아담한 백사장과 소나무 밭이 조화를 이루는 해수욕장,전라북도 부안군
운일암반일암,전라북도 진안군 주천면 동상주천로 1924,전라북도 진안군 주천면 주양리 630,35.97597035,127.4087491,1990-12-27,"기암괴석과 크고 작은 폭포, 소가 어울려 빚어낸 절경",전라북도 진안군
마이산도립공원 일원,전라북도 진안군 마령면 마이산남로 182,전라북도 진안군 마령면 동촌리 76-2,35.757066,127.3938315,1979-10-16,"마이산은 암마이봉(686m)과 수마이봉(680m)으로 진안읍 단양리와 마령면 동촌리 경계면에 걸쳐있다. 신라시대 서다산(西多山), 고려시대 용출산(聳出山), 조선 초 속금산(束金山)에서 현재는 말의 귀를 닮았다는 의미의 마이산(馬耳山)으로 불리고 있다. 1979년 전라북도 도립공원으로 지정되었고 2003년 10월 31일에는 마이산 권역 160여 ㎢가 명승 제12호 국가지정문화재로 승격되어 진안군수가 위탁 관리한다.",전라북도 진안군
용담호및주변시설,전라북도 진안군 안천면 안용로 793,전라북도 진안군 안천면 삼락리 1179-2,35.94593317,127.5256735,2001-10-13,"댐으로 만들어진 인공호수로써 높이 70m, 길이 498m, 저수량이 8억1,500톤에 이르고 댐주위로 난 이설도로를 따라 여러가지 볼거리가 구비되어 있다.",전라북도 진안군
운장산자연휴양림,전라북도 진안군 정천면 휴양림길 77,전라북도 진안군 정천면 갈용리 산 183,35.88845895,127.4327885,2000-01-01,약7㎞에 달하는 운장산 계곡은 원시림과 옥류수가 연중 흐르고 순환임도와 연접하고 여러가지 기암바위들이 자연수목과 조화를 이룬다,전라북도 진안군
데미샘자연휴양림,전라북도 진안군 백운면 데미샘1길 172,전라북도 진안군 백운면 신암리 산 1,35.65699353,127.4610392,2012-05-18,데미샘은 3개도 10개 시군에 걸쳐 218.6㎞를 흐르는 우리나라에서 4번째로 긴강인 섬진강의 발원지이다,전라북도 진안군
진안고원치유의숲,전라북도 진안군 정천면 봉학로 171-22,전라북도 진안군 정천면 봉학리 688,35.8751594,127.4177405,2012-07-01,"전국 최초로 설립된 환경성질환 예방교육시설이다. 생활치료 공간으로 교육관과 생활관, 체험관, 유기농식당을 갖추고 있다. 방학과 주말은 물론 평일에도 아토피로 고통받는 어린이와 가족들이 함께행활하면저 치유할수 있다",전라북도 진안군
가위박물관,전라북도 진안군 진안읍 마이산로 258,전라북도 진안군 진안읍 단양리 690-15,35.76591898,127.4150011,2016-12-09,"세계유일의 가위박물관, 진안가위박물관, 마이산북부에 위치하고 세계 희귀 가위 1,500여점을 소장",전라북도 진안군
심우장,서울특별시 성북구 성북로29길 24,,37.5936268,126.9916662,1984-07-05,만해 한용운의 일제강점기 머물던 집,서울특별시 성북구
길상사,서울특별시 성북구 선잠로5길 68(성북동),,37.59910861,126.9946506,1997-12-14,최고급 요정에서 도심속 도량으로 환골탈퇴,서울특별시 성북구
한국가구박물관,서울특별시 성북구 대사관로121,,37.60037714,126.9934501,2013-01-01,한국의 전통가구를 한눈에 볼수있는 곳,서울특별시 성북구
장흥관광지,경기도 양주시 장흥면 권율로 193,경기도 양주시 장흥면 석현리 산 1,37.73131118,126.9488973,1986-12-27,"계명산과 송추계곡 등의 우수한 자연경관과 양주시립장욱진미술관, 가나아트파크, 송암스페이스센터 등 풍부한 문화예술체험을 동시에 즐길 수 있음",경기도 양주시
팔당물안개공원,경기도 광주시 산수로 1897,경기도 광주시 남종면 귀여리 596,37.51045866,127.3142486,2018-01-31,"시민의 숲, 희망의 숲, 코스모스길, 자전거길이 잘 조성된 공원",경기도 광주시
중대물빛공원,경기도 광주시 순암로 307,경기도 광주시 중대동 229,37.40272258,127.218054,2018-01-31,"장미터널, 연꽃로드, 아치목교 등이 있는 수변공원",경기도 광주시
삼악산(호반),강원도 춘천시 서면 경춘로 1401-25,강원도 춘천시 서면 신매리 36-1,37.82571425,127.659368,1969-01-21,"춘천시도기념물로 지정된 삼악산은 주봉인 용화봉과 청운봉, 등선봉 3개가 있어 ''''삼악''''이라 불리게 되었다. 절벽사이로 크고 작은 폭포들이 이어지고, 그중에 등선폭포가 유명하다. 인근에는 금선사, 신흥사, 흥국사, 상원사 등 많은 문화재들이 있다.",강원도 춘천시
청평사,강원도 춘천시 북산면 오봉산길 580,,37.98665066,127.8179935,1987-06-15,"강원도에서 손에 꼽히는 고즈넉한 절, 청평사가 있으며, 오봉산에서 흘러오는 청평사 계곡이 있다. 계곡의 가운데 쯤에는 아름다운 구송폭포가 자리하고 있다.",강원도 춘천시
구곡폭포,강원도 춘천시 남산면 강촌구곡길 254,,37.79703276,127.615852,1981-02-13,"봉화산 근처 아홉구비를 돌아 떨어지는 구곡폭포와 탄성을 자아내는 하늘벽 바위 등 자연경관이 출중한 곳이며, 깔닥재를 넘으면 자연부락인 문배마을까지 볼 수 있다.",강원도 춘천시
산청중산관광지,경상남도 산청군 시천면 지리산대로 525,경상남도 산청군 시천면 중산리 519,35.29329703,127.7549296,1990-11-09,수려한 자연경관과 지리산 천왕봉을 조망할 수 있는 산악형 관광지,경상남도 산청군
산청금서관광지,경상남도 산청군 금서면 친환경로 1715,경상남도 산청군 금서면 지막리 산12,35.394237,127.847052,1991-12-30,수려한 자연경관을 조망할 수 있는 가족단위 형태의 관광지,경상남도 산청군
장성호관광지,전라남도 장성군 북하면 백양로 591-4,전라남도 장성군 북하면 쌍웅리 산38-1,35.41373254,126.8508186,1977-08-23,"문화예술공원,임권택시네마테크,수몰문화관 등이 모여 있는 장성호 상류의 관광지",전라남도 장성군
홍길동테마파크,전라남도 장성군 황룡면 홍길동로 431,전라남도 장성군 황룡면 아곡리 373,35.319264,126.726715,2004-05-27,홍길동의 역사적 문화적 가치를 보존하고 있는 테마파크,전라남도 장성군
영도웰컴센터,부산광역시 영도구 봉래나루로 79,부산광역시 영도구 봉래동1가 1,35.09454127,129.0387847,2016-09-02,부산의 새로운 관광명소로 각광받고있는 영도대교의 도개모습을 감상하고 영도관광에 필요한 종합서비스를 제공받을 수 있다.,부산광역시 영도구
지리산 온천관광지,전라남도 구례군 산동면 지리산온천로 261,전라남도 구례군 산동면 관산리 522,35.3184937,127.4577881,1989-10-24,지리산 온천 관광지,전라남도 구례군
무릉계곡,강원도 동해시 삼화로 584(삼화동),강원도 동해시 삼화동 산267-3,37.4635129,129.0149671,1977-03-01,신선이 노닐었다는 무릉계곡명승지 일명 무릉도원이라 불리는 무릉계곡 명승지는 두타산과 청옥산을 배경으로 이루어진 계곡으로 수많은 기암괴석과 절경들이 장관을 이루고 있어 마치 현존하는 선경에 와있는 듯한 느낌을 준다.,강원도 동해시
망상,강원도 동해시 동해대로 6314(망상동),강원도 동해시 망상동 393-11,37.5958689,129.0848451,1977-03-01,"눈앞에 바로 펼쳐지는 깨끗한 백사장과 맑고 푸른 바다, 상쾌한 바닷바람과 해가 뜨는 드넓은 수평선을 느낄 수 있는 해수욕장과 오토캠핑리조트등이 있다",강원도 동해시
추암,강원도 동해시 촛대바위길 28(추암동),강원도 동해시 추암동 1,37.477063,129.159196,2006-02-01,"애국가 첫 소절의 배경화면으로 유명한 각종 기암괴석이 조화를 이루는 촛대바위, 이 바위에 걸리는 아침 해돋이가 가히 장관이라 할 수 있어 관광객들이 가장 선호하는 해돋이 명소이다.",강원도 동해시
인천가스과학관,인천광역시 연수구 인천신항대로960,인천광역시 연수구 송도동 364,37.3494035,126.6095857,1998-11-03,"옥외조형물 5종, 실내전시물 23개코너, 크린타워",인천광역시 연수구
인천상륙작전기념관,인천광역시 연수구 청량로160번길 26,인천광역시 연수구 옥련동 525,37.4206455,126.653063,1984-09-15,"전시관, 야외전시장, 야외공연장, 영상실, 휴게실, 전망대, 소공원 등",인천광역시 연수구
컴팩스마트시티,인천광역시 연수구 인천타워대로 238,인천광역시 연수구 송도동24-7,37.39281227,126.6358879,2009-08-07,"고대 및 근대 전시관, 인천 모형관, IFEZ모형관",인천광역시 연수구
가천박물관,인천광역시 연수구 청량로102번길 40-9,인천광역시 연수구 옥련동 567-22,37.4183415,126.6577304,1995-10-31,"인천지역 유일한 국보를 포함한 총소장품 18,382점",인천광역시 연수구
대성관광지,경기도 가평군 청평면 대성강변길 14,경기도 가평군 청평면 대성리 395-3,37.68143191,127.3795209,1968-10-04,"경춘가도의 대성리역을 중심으로 북한강변 8만여 평에 이루어져 있으며, 산책로, 피크닉장, 자전거도로가 조성되어 있으며, 여러 편의시설도 들어서 있다. 북한강은 수영이  금지되어 있으며, 보트 등 수상스포츠는 즐길 수 있다.",경기도 가평군
산장관광지,경기도 가평군 상면 덕현산장길 71,경기도 가평군 상면 덕현리 산74-12,37.7540339,127.4121045,1977-03-31,"1977년에 국민관광지로 지정, 자연경관을 최대한 살린 계곡형 관광지로 개발되었으며, 북한강 지류인 조종천의 맑은 물이 한데 어우러져 경치가 아름답다. 주요 시설로는 야영장과 다양한 숙박시설, 계곡자연풀장이 있다.",경기도 가평군
경산온천,경상북도 경산시 남산면 상대로116길 18,경상북도 경산시 남산면 상대리 528,35.78037982,128.792298,1987-12-15,"상대온천관광호텔은 경산 시내에서 자동차로 30분가량 걸리는 산속 마을에자리잡고 있어 처음 찾기는 어려우나, 수질이 좋아 한번 찾아온 사람은 반드시다시 찾아온다고 한다. 신라 시대부터 더운 바위샘온암정(溫巖井), 대추골 더운샘,온수골이라 불렸으며, 한겨울에도 물이 얼지 않아 빨래터로 이용했다. 수량이풍부한 데다 한국에서는 보기 드물게 알칼리성이 강한 황산천이다. 맑고 깨끗한온천수에 황산이온, 염소, 과망간산칼륨 등 2,500여 종의 각종 미네랄이 함유돼 있다.피부병·신경통·위장병·비뇨기질환·동맥경화증에 효과가 좋다고 알려져 있다. 특히위장병에 좋다고 해서 온천수를 그대로 마시는 사람들도 있다.객실은 양실과 한실로 구성돼 있으며, 연회장, 가족탕, 온천사우나, 토산품점, 예식홀,커피숍, 숲속 카페, 교육문화회관 등 부대시설을 갖추고 있다. 053)815-8001",경상북도 경산시
주왕산 관광지,경상북도 청송군 부동면 주왕산로 494,경상북도 청송군 부동면 하의리 842,36.37813214,129.108598,2007-10-22,"체험, 체류형 종합휴양관광지",경상북도 청송군
사선대관광지,전라북도 임실군 관촌면 사선2길 68-7,전라북도 임실군 관촌면 관촌리 222 사선대 관리 사무소,35.672357,127.274526,2004-01-01,경관이 수려하고 편의시설이 있음,전라북도 임실군
낙안민속자연휴양림,전라남도 순천시 낙안면 민속마을길 1600,전라남도 순천시 낙안면 남내리 219,34.9133407,127.3534562,2004-02-09,"낙안읍성과 주변 경관이 수려해 휴식 공간으로는 최적지일 뿐만 아니라 인근에 송광사, 선암사 같은 전통 고찰과 서산의 저녁 노을을 함께 즐길 수 있는 주암호, 상사호가 있으며, 순천만의 갈대와 해변, 순천만 국가정원, 드라마세트장, 고인돌 공원 그리고 낙안읍성 민속마을의 각종 문화 축제를 즐길 수 있는 관광 명소들이 많아 사계절 이용이 가능",전라남도 순천시
오동도,전라남도 여수시 오동도로 222,전라남도 여수시 수정동 1-2,34.7443435,127.764121,1968-01-01,동백을 비롯하여 194종의 울창한 의귀수목과 기암절벽이 자연스럽게 조화를 이룬 섬으로 한려해상국립공원에 속해있다. 동백꽃으로 유명한 여수의 대표 관광지이다.,전라남도 여수시
진남관,전라남도 여수시 동문로 11,전라남도 여수시 군자동 472,34.7413383,127.7366025,2001-04-17,국보 제 304호 국내 최대 단층목조건물로 조선시대 400여 년간 조선수군의 본거지로 이용되었던 역사의 현장이다. 2020년 12월까지 보수공사중이다.,전라남도 여수시
향일암,전라남도 여수시 돌산읍 향일암로 60,전라남도 여수시 율림리 산 7,34.59379448,127.8029861,2012-05-06,우리나라 4대 관음기도도량 중 하나로 전국 최고의 일출명소이다. 644년 원효대사에 의해 창건되었다고 전해진다.,전라남도 여수시
여수해상케이블카,전라남도 여수시 자산4길 39,전라남도 여수시 수정동 332-57,34.7402223,127.7533059,2014-12-02,"여수 돌산과 자산공원을 잇는 1.5km구간의 국내 첫 해상케이블카로 바닥이 투명한 크리스탈 캐빈 15대(5인승)와 일반 캐빈 35대(8인승), 총 50대가 운행되고 있다. 아찔한 스릴감과 함께 맛보는 다도해의 전망과 여수밤바다 풍경이 한눈에 들어온다.",전라남도 여수시
여수세계박람회장,전라남도 여수시 박람회길 1,전라남도 여수시 덕충동 2005,34.7502973,127.7472057,2012-04-30,2012년 여수세계박람회를 성공적으로 개최한 장소로 단순 공원이 아닌 관광부터 비즈니스까지 원스톱으로 즐길 수 있는 전천후 복합문화체험공단.,전라남도 여수시
여수해양공원,전라남도 여수시 하멜로 96,전라남도 여수시 종화동 458-5,34.7365752,127.7486771,2012-01-01,"해안선을 따라 조성된 1.5km 구간 시민공원으로 아름다운 여수 밤바다를 만끽 할 수 있는 최고의 휴식공간이다. 하멜등대, 해양케이블카, 돌산대교, 거북선대교, 장군도 등이 한눈에 보여 밤바다를 거닐 수 있는 필수 데이트 코스이며, 또한 각종 공연 및 행사가 다채롭게 열려 볼거리가 많다.",전라남도 여수시
예술랜드리조트,,전라남도 여수시 돌산읍 산 245,34.696509,127.778521,2018-07-15,"전 객실 오션뷰, AR로 체험하는 국내 최대 테마형 3D트릭아트뮤지엄, +60미터 미디어 터널과 150미터 암반터널을 통해 만나는 조각공원, 바다를 바라보는 여수 최대규모 1500평 인피니티 풀로 새로운 종합관광지로 자리잡았다.",전라남도 여수시
여수이순신대교,,전라남도 여수시 묘도동 127-10,34.888766,127.705501,2013-02-08,"세계최고의 높이를 자랑하는 주탑높이(270m)는 63빌딩보다 높고 주탑간 거리 1,545m는 충무공 이순신 장군의 탄신해인 1545년을 기념하기 위한 것으로 웅장함과 탁 뜨인 바다 전경이 일품이다.",전라남도 여수시
선바위관광지,경상북도 영양군 입암면 영양로 883-16,,36.60854407,129.0820141,2001-03-03,절벽과 강을 사이에 두고 바위를 깎아 세운 듯한 선바위를 볼 수 있음,경상북도 영양군
우장춘기념관,부산광역시 동래구 우장춘로62번길 7(온천동),부산광역시 동래구 온천동 850-48,35.213515,129.0720181,1999-10-21,씨 없는 수박으로 우리 모두에게 잘 알려진 세계적 육종학자인 故우장춘박사의 탄생 1백주년을 맞아 그의 생전 연구 활동 유적지,부산광역시 동래구
장영실과학동산,부산광역시 동래구 동래역사관길 18(복천동),부산광역시 동래구 복천동 1-2,35.20916308,129.0896688,2009-10-15,"동래출신 조선시대 세종당시 최고의 과학자인 장영실이 만든 세계최고의 옛 천문의기 18종 19점을 동래읍성북문광장 1,177㎡에 시비 5억을 투입하여 2009. 6. 16.부터 2009.10.15.까지 4개월에 걸쳐 사업을 완료하였다.",부산광역시 동래구
박차정의사생가,부산광역시 동래구 명륜로 98번길 129-10(칠산동),부산광역시 동래구 칠산동 319-1,35.20169645,129.090397,2005-07-08,"박차정의사 생가 복원사업은 항일독립운동가이자 한국여성해방운동의 선구자인 박차정의사의 남편 김원봉(임시정부국무위원, 북한노동상, 국가검열상)의 사회주의적 성향으로 군사정부시절 대우를 받지 못하다가 1995년 광복 40주년에 문민정부로부터 “대한민국 건국훈장 독립장”을 추서받은 지 10년만인 2005년 7월 8일 완공하였다.",부산광역시 동래구
금강공원,부산광역시 동래구 우장춘로 155 (온천동),부산광역시 동래구 온천동 291-1,35.21962513,129.075758,1940-11-10,"울창한 숲과 기암절벽, 골짜기 마다 흐르는 맑은 시냇물 등이 신선경에 들어선 느낌을 주며, 봄철부터 겨울철에 이르기까지 인적이 끊이지 않는 근린공원으로서 남녀노소 누구나가 즐길 수 있는 휴식처로 사랑을 받고 있다",부산광역시 동래구
허심청,부산광역시 동래구 온천장로107번길 32 (온천동),부산광역시 동래구 온천동 137,35.221157,129.0826889,1991-10-01,허심청은 종래의 위락 시설과는 달리 편안하고 즐거운 온천욕과 휴식 및 체력단련을 통한 건강증진을 추구하는 새로운 유형의 도시형 온천건강랜드이다,부산광역시 동래구
복천박물관,부산광역시 동래구 복천로 63(복천동),부산광역시 동래구 복천동 16-5,35.20877662,129.0911741,1996-07-26,"삼한시대부터 삼국시대까지 부산의 역사를 보여주는 고고전문박물관으로서, 현재 7차에 걸친 발굴조사로 밝혀진 169기의 유구와 각종 토기 및 철기류 등의 유물을 종합 전시하고있다",부산광역시 동래구
충렬사,부산광역시 동래구 충렬대로 345,부산광역시 동래구 안락동 421-33,35.199577,129.0959922,1972-06-26,충렬사는 임진왜란 때 순절한 동래부사 송상현 공을 모시기 위해 1605년(선조 38년) 당시의 동래부사 윤훤(尹暄)이 동래읍성 남문 근처의 농주산에 송공의 위패를 모신 송공사(宋公祠)를 지어 매년 제사를 지낸 것이 그 시초이다. 그 후 1624년(인조 2년) 선위사(宣慰使) 이민구의 청으로 충렬사라는 사액(賜額)이 내려짐에 따라 송공사는 충렬사로 이름이 바뀌었다.,부산광역시 동래구
맹종죽테마공원,경상남도 거제시 하청면 거제북로 700,경상남도 거제시 하청면 실전리 880-3,34.967774,128.6505098,2000-10-01,"맹종죽을 이용한 창조적 활용과 보존을 통하여 죽림욕을 이용한 치유, 바다경관과 환경예술을 접목한 경관치유, 맹족죽을 이용한 체험놀이치유가 가능한 죽림테라피 공간입니다.",경상남도 거제시
거제박물관,경상남도 거제시 거제대로 3791(옥포동),경상남도 거제시 옥포동 1565,34.89404136,128.6862128,1991-12-21,"거제의 역사와 자료를 수집,정리,연구전시하고 있는 비영리 법인인 거제 문화재단의 사업기관",경상남도 거제시
거제시농업개발원,경상남도 거제시 거제면 거제남서로 3577,경상남도 거제시 서정리 855-24,34.85646454,128.5791873,1992-03-01,"지역실정에 맞는 농업기술과 지역소득작물을 연구개발 보급하여 농업인의 소득을 높이고, 도시민에게는 농업 현장체험과 사계절 꽃 및 난지식물을 만날 수 있는 농업테마공원",경상남도 거제시
거제요트학교,경상남도 거제시 일운면 지세포해안로 41,,34.83369412,128.7018842,2004-05-25,"요트 산업의 활성화와 해양레저 스포츠 인구의 저변 확대는 물론 요트, 윈드서핑을 비롯한 해양레저 스포츠의 철저한 교육 등 요트인구 저변 확대",경상남도 거제시
거제자연휴양림,경상남도 거제시 동부면 거제중앙로 325,,34.785638,128.625982,1993-01-01,"동부면 구천리 노자산 해발 565M 위치에 120ha 면적에 설치되었으며, 산 정상에 전망대가 설치되어 거제전역과 한려해상국립공원의 크고 작은 섬들과 기암절병의 해안선을 관망할 수 있는 가족단위 휴양객들이 많이 찾고 있다",경상남도 거제시
계도어촌체험마을,경상남도 거제시 사등면 가조로 837,,34.97483877,128.517509,2007-10-01,"가조도의 서북쪽에 위치 앞 바다에 닭모양의 닭섬이 있어 계도마을이라 하였다. 주요 특산물로는 미더덕 젓갈, 미더덕, 마른멸치, 건홍합이 있다.",경상남도 거제시
다대어촌체험마을,경상남도 거제시 남부면 다대5길 11,경상남도 거제시 남부면 다대리 424,34.73449905,128.630541,2007-10-01,남부면 다대리에 위치한 다대마을로서 갯벌체험을 할 수 있다.,경상남도 거제시
도장포어촌체험마을,경상남도 거제시 남부면 도장포1길 76,,34.743422,128.6624617,2007-10-01,도장포 마을 인근에는 신선대와 바람의 언덕이 있다. 아름다운 풍경으로 새롭게 각광받고 있는 관광지로 연인들에게 인기 만점이다.,경상남도 거제시
쌍근어촌체험마을,경상남도 거제시 남부면 남부해안로 1094,,34.76238394,128.5894504,2007-10-01,"남부면의 왕조산 자락에 자리잡고 있으며, 바닷가의 시원한 바람을 느낄 수 있는 전형적인 어촌마을이다.",경상남도 거제시
씨라인,,경상남도 거제시 덕포동 81-5,34.912305,128.714841,2010-04-03,덕포해수욕장의 맑고 푸른 바다 위를 ''''한마리 새처럼 자유롭고 짜릿하게 활강하면서 즐기는 체험시설''''을 의미한다.,경상남도 거제시
오션베이,경상남도 거제시 일운면 거제대로 2660,경상남도 거제시 일운면 소동리 59,34.84362162,128.7029763,2013-06-12,거제대명리조에 위치한 종합 유원시설로 여름철 물놀이시설,경상남도 거제시
옥포대첩기념공원,경상남도 거제시 팔랑포2길 87,경상남도 거제시 옥포2동 산1-1,34.90219568,128.7140612,2010-04-12,임진왜란 발발 이후 충무공 이순신장군이 첫 승전한 옥포해전을 기념하고 충무공정신을 후세에 길이 계승하기 위하여 조성한 기념공원이다,경상남도 거제시
조선해양문화관,경상남도 거제시 일운면 지세포해안로 41,경상남도 거제시 일운면 지세포리 929-88,34.83369412,128.7018842,2003-10-01,어촌에 전해 내려오는 전통문화 및 어업변천사 등 보전 전시하여 청소년 교육의 장과 도시민의 휴식공간으로 활용,경상남도 거제시
지심도,,경상남도 거제시 일운면 옥림리 산1,34.820598,128.750411,2017-02-20,지심도 섬 전체가 거의 동백나무로 뒤덮여 있는 섬으로 장승포항에서 5km 쯤 떨어져 있다. 지심도 일주도로인 오솔길을 따라 걸으면 2~3시간이면 전부 감상 할 수 있다.,경상남도 거제시
칠천량해전공원,경상남도 거제시 하청면 칠천로 265-39,경상남도 거제시 하청면 연구리 산85-4,34.97766181,128.6282493,2014-05-20,임진왜란 당시 조선 수군의 최대 패전으로 기록된 칠천량 해전의 의미를 되새기는 기념공원이다,경상남도 거제시
포로수용소유적공원,경상남도 거제시 계룡로 61,경상남도 거제시 고현동 363,34.876385,128.6253698,1998-03-20,한국전쟁 당시 거제도는 고립된 천연의 수용소로 아픈 한국 현대사의 상처가 남아 있는 곳이다.,경상남도 거제시
거제해금강,,경상남도 거제시 남부면 갈곶리 산 1,34.732651,128.684033,1971-01-01,"자연경관이 빼어나 1971년 명승제2호로 지정됨, 수억 년 파도와 바람에 씻긴 형상이 갖가지 모습을 연출한다.",경상남도 거제시
외도,,경상남도 거제시 일운면 와현리 산 109,34.769412,128.712652,1995-04-15,개인 소유 섬으로 거제의 대표적인 관광지이다.,경상남도 거제시
공곶이,,경상남도 거제시 일운면 와현리 168-1,34.799856,128.714881,2009-04-15,"지형이 궁둥이처럼 튀어나왔다고 해서 공곶이라고 불리며, 수선화와 동백나무 등 50여 종의 나무와 꽃이 심겨 있다",경상남도 거제시
김영삼전대통령생가기록전시관,경상남도 거제시 장목면 옥포대첩로 743,경상남도 거제시 장목면 외포리 1371,34.93141259,128.715401,2010-06-01,거산 김영상대통령의 정치적 삶과 민주주의 사상을 널리 알리고 계승하기 위하여 개관,경상남도 거제시
문동휴양지,,경상남도 거제시 문동동 산 5-4번지,34.859898,128.664057,1999-05-20,"문동폭포와 함께 우그러진 숲, 시원한 바람을 느낄 수 있는 도심 속 휴양지이다",경상남도 거제시
바람의언덕,,경상남도 거제시 남부면 갈곶리 292-11,34.742161,128.662863,2002-10-01,영화의 제목처럼 불리는 언덕으로 실제 많은 드라마 속 배경으로 유명해졌다. 마무 계단으로 연결된 산책로를 따라 언덕을 오르면 몸을 가누기 힘들 정도의 바람이 마치 힘겨루기 하듯 불어온다. 정상 부근 벤치에 앉으면 지중해의 경치가 부럽지 않은 우리 국토의 또 다른 아름다움이 눈앞으로 펼쳐진다.,경상남도 거제시
우제봉전망대,,경상남도 거제시 남부면 갈곶리 산 2-16,34.732135,128.673659,1994-02-01,한려해상국립공원을 한눈에 볼 수 있는 전망대로 해발 107m에 위치해 있다. 정면으로는 거제 해금강이 보여 멋진비경을 자랑한다,경상남도 거제시
청마기념관,경상남도 거제시 둔덕면 방하2길 6,경상남도 거제시 둔덕면 방하리 505-1,34.854804,128.517151,2000-05-01,청마 유치환이 태어난 곳으로 그이 문학 정신을 기리고 그 업적을 고양하기 위하여 기념관을 건립,경상남도 거제시
씨월드,경상남도 거제시 일운면 지세포해안로 15,경상남도 거제시 일운면 소동리 478-1,34.8358811,128.701427,2013-05-10,"대한민국 최대의 돌고래 체험시설로 돌고래 만지기, 악수하기, 돌고래에게 먹이주기 등 다양한 체험 및 교육프로그래을 즐길 수 있다.",경상남도 거제시
알로에테마파크,경상남도 거제시 거제면 거제남서로 3937,경상남도 거제시 내간리 산121-3,34.83571583,128.560278,2014-12-01,알로에를 화분에 심어가져가거나 족욕을 즐기는 등 다양한 체험을 할 수 있는 테마파크,경상남도 거제시
가조수협효시공원,경상남도 거제시 사등면 가조서로 7,경상남도 거제시 사등면 창호리 2080,34.929703,128.524851,2018-12-26,우리나라 수산업협동조합의 처음 시작된 역사적 의미 기념하여 조성함.,경상남도 거제시
오색관광지,,강원도 양양군 서면 가라피리 165,38.077641,128.510721,1994-10-26,설악산과오색령에 아름다운 자연경관을 볼수 있음,강원도 양양군
은평역사한옥박물관,서울특별시 은평구 연서로50길 8,서울특별시 은평구 진관동 135-5,37.64033246,126.9380102,2014-10-07,은평구의 문화유산과 한옥의 전통을 소개하는 박물관,서울특별시 은평구
금성당,서울특별시 은평구 진관2로 57-23,서울특별시 은평구 진관동 175-836,37.63513547,126.92538,2008-07-22,세종대왕 6째 아들 금성대군을 모신 당,서울특별시 은평구
무극전적국민관광지,충청북도 음성군 음성읍 생음대로 594 일원,충청북도 음성군 음성읍 소여리 897,36.9511967,127.6468141,1985-06-08,6·25전쟁 당시 격전지였던 곳으로써 남한이 최초로 승전하여 국군의 사기를 드높였음,충청북도 음성군
예술의전당,서울특별시 서초구 남부순환로 2406,서울특별시 서초구 서초동 700,37.48024074,127.0142139,1988-02-15,"수준높은 문화예술 콘텐츠와 편리한 시설, 감동적인 서비스가 조화를 이루는 우리나라 대표 복합문화공간이다. 예술가들의 열정이 고객 감동으로 이어지는 예술의 전당은 연간 300만명의 관람객이 찾는 문화놀이터이자 도심 속 문화 휴식공간이다.",서울특별시 서초구
국립국악원,서울특별시 서초구 남부순환로 2364,서울특별시 서초구 서초동 700,37.47771836,127.0098178,1951-04-10,"전통음악 및 무용의 계승과 발전을 위해 설립된 국립 음악기관으로 각종 국악 공연 및 연구, 진흥사업 등 다양한 활동을 펼치고 있다. 산하에 정악단, 무용단, 민속악단, 창작악단 등 네개의 전속 예술단과 예악당, 우면당, 풍류사랑방, 연희마당 등의 공연장, 국악박물관, 국악연수관 등의 시설을 갖추고 있다.",서울특별시 서초구
헌인릉,서울특별시 서초구 헌인릉길 36-10,서울특별시 서초구 내곡동 산 13-1,37.4651454,127.0826446,1970-05-26,"사적 제 194호인 이곳은 동쪽의 헌릉과 서쪽의 인릉으로 구성되어 있다. 헌릉은 조선 제3대 태종과 원경왕후 민씨의 쌍봉릉이며, 인릉은 조선 제23대 순조와 순원왕후 김씨의 동원합동 형태이다.",서울특별시 서초구
매헌 윤봉길의사 기념관,서울특별시 서초구 매헌로 99,서울특별시 서초구 양재동 236,37.4712172,127.0367358,1988-12-01,"윤봉길의사의 업적과 살신성인 정신의 높은 뜻을 선양하고 계승 발전시키키 위하여 1988년 준공되었다. 기념관 1층에는 유품과 생애사진이 전시되어 있으며, 2층에는 사무처, 매헌연구원, 세미나실, 윤봉길 도서관 등을 갖추고 있다.",서울특별시 서초구
고투몰,서울특별시 서초구 신반포로 200,서울특별시 서초구 잠원동 68-17,37.5065978,127.0054105,1974-04-30,"고속터미널 지하상가를 일컫는 고투몰은 카페, 음식점, 꽃시장 등 다양한 먹거리와 볼거리를 선사하는 곳이다. 의류, 신발, 각종 액세서리 등을 싸게 구입할 수 있으며, 계절에 맞는 만개한 꽃들을 구경할 수 있다.",서울특별시 서초구
"세빛섬, 반포대교 달빛무지개분수",서울특별시 서초구 올림픽대로 683,서울특별시 서초구 반포동 650,37.512028,126.9952691,2014-10-15,"세빛섬은 ''세 개의 빛나는 섬''이라는 의미로, 세계 최초로 물 위에 떠 있는 부체 위에 건물을 짓는 플로팅 형태의 건축물이다. 가빛섬, 채빛섬, 솔빛섬 등 3개의 섬이 다리로 연결되어 있고 미디어아트갤러리 ''예빛섬''이 함께 조화를 이루고 있으며 컨벤션홀, 공연, 전시, 레스토랑 시설 등을 갖춘 복합문화공간이다.",서울특별시 서초구
삼성딜라이트,서울특별시 서초구 서초대로74길 11,서울특별시 서초구 서초동 1320-10,37.4966085,127.0269023,2015-09-12,"삼성딜라이트는 테마별로 꾸며진 최신 디지털 기술을 통해 미래의 새로운 생활패턴을 체험할 수 있다. 지상 1층과 2층은 삼성전자의 홍보관으로 관람객이 직접 흥미로운 디지털 미디어 인터렉션을 자유롭게 체험할 수 있으며, 지하 2층은 국내 최대 모바일 샵으로 다양한 삼성 전자제품의 체험과 구매가 가능하다.",서울특별시 서초구
호미곶관광단지,경상북도 포항시 남구 호미곶면 해맞이로 136,경상북도 포항시 남구 호미곶면 대보리 286-5,36.07675839,129.5660588,2015-11-01,호미곶의전경을 확인,경상북도 포항시
